2026-05-28 14:53:45 +00:00:00 --:--:-- [INFO] Run directory: training_artifacts\train_run_2026-05-28_14-53-45
2026-05-28 14:53:45 +00:00:00 --:--:-- [INFO] Configs copied to run directory
2026-05-28 14:53:45 +00:00:00 --:--:-- [INFO] Using device: cuda
2026-05-28 14:53:45 +00:00:00 --:--:-- [INFO] Packed dataset: packedness=0.5, N_target=100, rd=0.076
2026-05-28 14:53:45 +00:00:00 --:--:-- [INFO] Generating validation set (200 clouds)...
2026-05-28 14:53:48 +00:00:03 --:--:-- [INFO] Validation set saved
2026-05-28 14:53:49 +00:00:03 --:--:-- [INFO] Model built: 51,458 parameters
2026-05-28 14:53:49 +00:00:04 --:--:-- [INFO] Starting training for 10000 iterations
2026-05-28 14:54:56 +00:01:11 -01:49:55 [INFO] iter=   100  0.666s/iter  lr=1.00e-03  loss=0.004025
                                  K=1 (deploy)              K=3 (train)
  mean_violation   = 0.000073  ->  0.000021              0.000004
  illegal_pairs    = 0.54%      ->  0.28%                 0.11%
  viol_per_cloud   = 26.66       ->  13.69                  5.34
  viol_reduction   =                48.7%                    80.0%
  mean_nn_dist     = 0.077155  ->  0.082151              0.083950
  displacement     =                0.0881 (1.159x rd)   0.2682 (3.529x rd)
  correction_eff   =                0.0006 (2.9% ceil)         0.0003 (1.3% ceil)
2026-05-28 14:56:02 +00:02:17 -01:48:42 [INFO] iter=   200  0.666s/iter  lr=9.99e-04  loss=0.000624
                                  K=1 (deploy)              K=3 (train)
  mean_violation   = 0.000073  ->  0.000021              0.000003
  illegal_pairs    = 0.54%      ->  0.29%                 0.08%
  viol_per_cloud   = 26.66       ->  14.50                  4.06
  viol_reduction   =                45.6%                    84.8%
  mean_nn_dist     = 0.077155  ->  0.082375              0.084191
  displacement     =                0.0044 (0.058x rd)   0.0065 (0.086x rd)
  correction_eff   =                0.0120 (59.3% ceil)         0.0107 (52.9% ceil)
2026-05-28 14:57:09 +00:03:24 -01:47:37 [INFO] iter=   300  0.666s/iter  lr=9.98e-04  loss=0.000449
                                  K=1 (deploy)              K=3 (train)
  mean_violation   = 0.000073  ->  0.000017              0.000002
  illegal_pairs    = 0.54%      ->  0.26%                 0.07%
  viol_per_cloud   = 26.66       ->  12.66                  3.59
  viol_reduction   =                52.5%                    86.5%
  mean_nn_dist     = 0.077155  ->  0.082395              0.083889
  displacement     =                0.0052 (0.069x rd)   0.0083 (0.109x rd)
  correction_eff   =                0.0107 (52.9% ceil)         0.0086 (42.5% ceil)
2026-05-28 14:58:15 +00:04:30 -01:45:29 [INFO] iter=   400  0.659s/iter  lr=9.96e-04  loss=0.000438
                                  K=1 (deploy)              K=3 (train)
  mean_violation   = 0.000073  ->  0.000018              0.000003
  illegal_pairs    = 0.54%      ->  0.28%                 0.10%
  viol_per_cloud   = 26.66       ->  13.91                  4.81
  viol_reduction   =                47.8%                    81.9%
  mean_nn_dist     = 0.077155  ->  0.082201              0.083623
  displacement     =                0.0041 (0.054x rd)   0.0056 (0.073x rd)
  correction_eff   =                0.0136 (67.3% ceil)         0.0126 (62.5% ceil)
2026-05-28 14:59:21 +00:05:35 -01:44:05 [INFO] iter=   500  0.657s/iter  lr=9.94e-04  loss=0.000428
                                  K=1 (deploy)              K=3 (train)
  mean_violation   = 0.000073  ->  0.000017              0.000002
  illegal_pairs    = 0.54%      ->  0.27%                 0.09%
  viol_per_cloud   = 26.66       ->  13.16                  4.66
  viol_reduction   =                50.6%                    82.5%
  mean_nn_dist     = 0.077155  ->  0.082172              0.083515
  displacement     =                0.0039 (0.052x rd)   0.0051 (0.067x rd)
  correction_eff   =                0.0142 (70.5% ceil)         0.0140 (69.1% ceil)
2026-05-28 15:00:29 +00:06:44 -01:46:51 [INFO] iter=   600  0.682s/iter  lr=9.91e-04  loss=0.000358
                                  K=1 (deploy)              K=3 (train)
  mean_violation   = 0.000073  ->  0.000015              0.000002
  illegal_pairs    = 0.54%      ->  0.26%                 0.10%
  viol_per_cloud   = 26.66       ->  13.03                  4.84
  viol_reduction   =                51.1%                    81.8%
  mean_nn_dist     = 0.077155  ->  0.082150              0.083356
  displacement     =                0.0039 (0.051x rd)   0.0049 (0.065x rd)
  correction_eff   =                0.0151 (74.8% ceil)         0.0144 (71.3% ceil)
2026-05-28 15:01:35 +00:07:50 -01:42:27 [INFO] iter=   700  0.661s/iter  lr=9.88e-04  loss=0.000338
                                  K=1 (deploy)              K=3 (train)
  mean_violation   = 0.000073  ->  0.000014              0.000002
  illegal_pairs    = 0.54%      ->  0.24%                 0.09%
  viol_per_cloud   = 26.66       ->  12.12                  4.66
  viol_reduction   =                54.5%                    82.5%
  mean_nn_dist     = 0.077155  ->  0.082267              0.083416
  displacement     =                0.0040 (0.052x rd)   0.0049 (0.065x rd)
  correction_eff   =                0.0151 (74.6% ceil)         0.0144 (71.3% ceil)
2026-05-28 15:02:41 +00:08:56 -01:40:59 [INFO] iter=   800  0.659s/iter  lr=9.84e-04  loss=0.000304
                                  K=1 (deploy)              K=3 (train)
  mean_violation   = 0.000073  ->  0.000012              0.000002
  illegal_pairs    = 0.54%      ->  0.22%                 0.06%
  viol_per_cloud   = 26.66       ->  10.75                  2.81
  viol_reduction   =                59.7%                    89.4%
  mean_nn_dist     = 0.077155  ->  0.082790              0.083962
  displacement     =                0.0044 (0.058x rd)   0.0054 (0.071x rd)
  correction_eff   =                0.0137 (68.0% ceil)         0.0133 (66.0% ceil)
2026-05-28 15:03:47 +00:10:01 -01:39:53 [INFO] iter=   900  0.659s/iter  lr=9.80e-04  loss=0.000270
                                  K=1 (deploy)              K=3 (train)
  mean_violation   = 0.000073  ->  0.000011              0.000001
  illegal_pairs    = 0.54%      ->  0.21%                 0.07%
  viol_per_cloud   = 26.66       ->  10.16                  3.53
  viol_reduction   =                61.9%                    86.8%
  mean_nn_dist     = 0.077155  ->  0.082711              0.083678
  displacement     =                0.0042 (0.056x rd)   0.0051 (0.068x rd)
  correction_eff   =                0.0147 (72.9% ceil)         0.0140 (69.2% ceil)
2026-05-28 15:04:53 +00:11:07 -01:38:44 [INFO] iter=  1000  0.658s/iter  lr=9.76e-04  loss=0.000307
                                  K=1 (deploy)              K=3 (train)
  mean_violation   = 0.000073  ->  0.000012              0.000002
  illegal_pairs    = 0.54%      ->  0.28%                 0.08%
  viol_per_cloud   = 26.66       ->  13.78                  3.91
  viol_reduction   =                48.3%                    85.3%
  mean_nn_dist     = 0.077155  ->  0.082673              0.083802
  displacement     =                0.0041 (0.054x rd)   0.0050 (0.066x rd)
  correction_eff   =                0.0151 (74.5% ceil)         0.0141 (69.9% ceil)
2026-05-28 15:06:00 +00:12:15 -01:40:40 [INFO] iter=  1100  0.679s/iter  lr=9.70e-04  loss=0.000258
                                  K=1 (deploy)              K=3 (train)
  mean_violation   = 0.000073  ->  0.000010              0.000001
  illegal_pairs    = 0.54%      ->  0.21%                 0.08%
  viol_per_cloud   = 26.66       ->  10.62                  3.72
  viol_reduction   =                60.1%                    86.0%
  mean_nn_dist     = 0.077155  ->  0.082495              0.083339
  displacement     =                0.0037 (0.049x rd)   0.0044 (0.058x rd)
  correction_eff   =                0.0170 (83.9% ceil)         0.0164 (81.4% ceil)
2026-05-28 15:07:06 +00:13:21 -01:36:42 [INFO] iter=  1200  0.659s/iter  lr=9.65e-04  loss=0.000234
                                  K=1 (deploy)              K=3 (train)
  mean_violation   = 0.000073  ->  0.000009              0.000001
  illegal_pairs    = 0.54%      ->  0.19%                 0.06%
  viol_per_cloud   = 26.66       ->  9.34                  2.84
  viol_reduction   =                64.9%                    89.3%
  mean_nn_dist     = 0.077155  ->  0.082775              0.083609
  displacement     =                0.0040 (0.053x rd)   0.0046 (0.061x rd)
  correction_eff   =                0.0159 (78.5% ceil)         0.0156 (77.3% ceil)
2026-05-28 15:08:12 +00:14:27 -01:35:10 [INFO] iter=  1300  0.656s/iter  lr=9.59e-04  loss=0.000235
                                  K=1 (deploy)              K=3 (train)
  mean_violation   = 0.000073  ->  0.000009              0.000001
  illegal_pairs    = 0.54%      ->  0.21%                 0.07%
  viol_per_cloud   = 26.66       ->  10.34                  3.38
  viol_reduction   =                61.2%                    87.3%
  mean_nn_dist     = 0.077155  ->  0.082668              0.083483
  displacement     =                0.0039 (0.051x rd)   0.0045 (0.060x rd)
  correction_eff   =                0.0164 (81.4% ceil)         0.0159 (78.9% ceil)
2026-05-28 15:09:18 +00:15:32 -01:33:58 [INFO] iter=  1400  0.656s/iter  lr=9.52e-04  loss=0.000259
                                  K=1 (deploy)              K=3 (train)
  mean_violation   = 0.000073  ->  0.000010              0.000001
  illegal_pairs    = 0.54%      ->  0.21%                 0.05%
  viol_per_cloud   = 26.66       ->  10.34                  2.41
  viol_reduction   =                61.2%                    91.0%
  mean_nn_dist     = 0.077155  ->  0.082892              0.083919
  displacement     =                0.0043 (0.056x rd)   0.0048 (0.063x rd)
  correction_eff   =                0.0148 (73.1% ceil)         0.0151 (74.8% ceil)
2026-05-28 15:10:23 +00:16:38 -01:33:10 [INFO] iter=  1500  0.658s/iter  lr=9.46e-04  loss=0.000235
                                  K=1 (deploy)              K=3 (train)
  mean_violation   = 0.000073  ->  0.000009              0.000001
  illegal_pairs    = 0.54%      ->  0.19%                 0.06%
  viol_per_cloud   = 26.66       ->  9.19                  2.88
  viol_reduction   =                65.5%                    89.2%
  mean_nn_dist     = 0.077155  ->  0.082713              0.083521
  displacement     =                0.0039 (0.051x rd)   0.0043 (0.057x rd)
  correction_eff   =                0.0164 (81.4% ceil)         0.0167 (82.9% ceil)
2026-05-28 15:11:31 +00:17:46 -01:34:46 [INFO] iter=  1600  0.677s/iter  lr=9.38e-04  loss=0.000254
                                  K=1 (deploy)              K=3 (train)
  mean_violation   = 0.000073  ->  0.000009              0.000001
  illegal_pairs    = 0.54%      ->  0.18%                 0.05%
  viol_per_cloud   = 26.66       ->  9.09                  2.47
  viol_reduction   =                65.9%                    90.7%
  mean_nn_dist     = 0.077155  ->  0.082871              0.083778
  displacement     =                0.0042 (0.055x rd)   0.0048 (0.063x rd)
  correction_eff   =                0.0153 (75.6% ceil)         0.0150 (74.5% ceil)
2026-05-28 15:12:37 +00:18:52 -01:31:27 [INFO] iter=  1700  0.661s/iter  lr=9.30e-04  loss=0.000275
                                  K=1 (deploy)              K=3 (train)
  mean_violation   = 0.000073  ->  0.000010              0.000001
  illegal_pairs    = 0.54%      ->  0.21%                 0.07%
  viol_per_cloud   = 26.66       ->  10.16                  3.53
  viol_reduction   =                61.9%                    86.8%
  mean_nn_dist     = 0.077155  ->  0.082622              0.083464
  displacement     =                0.0039 (0.051x rd)   0.0045 (0.059x rd)
  correction_eff   =                0.0163 (80.6% ceil)         0.0160 (79.2% ceil)
2026-05-28 15:13:43 +00:19:58 -01:30:10 [INFO] iter=  1800  0.660s/iter  lr=9.22e-04  loss=0.000235
                                  K=1 (deploy)              K=3 (train)
  mean_violation   = 0.000073  ->  0.000009              0.000001
  illegal_pairs    = 0.54%      ->  0.23%                 0.08%
  viol_per_cloud   = 26.66       ->  11.34                  4.03
  viol_reduction   =                57.4%                    84.9%
  mean_nn_dist     = 0.077155  ->  0.082445              0.083288
  displacement     =                0.0037 (0.048x rd)   0.0041 (0.055x rd)
  correction_eff   =                0.0174 (86.0% ceil)         0.0174 (86.1% ceil)
2026-05-28 15:14:49 +00:21:04 -01:29:36 [INFO] iter=  1900  0.664s/iter  lr=9.14e-04  loss=0.000242
                                  K=1 (deploy)              K=3 (train)
  mean_violation   = 0.000073  ->  0.000010              0.000001
  illegal_pairs    = 0.54%      ->  0.22%                 0.07%
  viol_per_cloud   = 26.66       ->  10.78                  3.44
  viol_reduction   =                59.6%                    87.1%
  mean_nn_dist     = 0.077155  ->  0.082526              0.083397
  displacement     =                0.0037 (0.049x rd)   0.0043 (0.057x rd)
  correction_eff   =                0.0170 (83.9% ceil)         0.0166 (82.1% ceil)
2026-05-28 15:15:55 +00:22:10 -01:27:55 [INFO] iter=  2000  0.659s/iter  lr=9.05e-04  loss=0.000250
                                  K=1 (deploy)              K=3 (train)
  mean_violation   = 0.000073  ->  0.000010              0.000001
  illegal_pairs    = 0.54%      ->  0.20%                 0.06%
  viol_per_cloud   = 26.66       ->  9.81                  3.19
  viol_reduction   =                63.2%                    88.0%
  mean_nn_dist     = 0.077155  ->  0.082584              0.083435
  displacement     =                0.0039 (0.051x rd)   0.0046 (0.060x rd)
  correction_eff   =                0.0162 (80.2% ceil)         0.0157 (77.7% ceil)
2026-05-28 15:17:03 +00:23:18 -01:29:34 [INFO] iter=  2100  0.680s/iter  lr=8.95e-04  loss=0.000251
                                  K=1 (deploy)              K=3 (train)
  mean_violation   = 0.000073  ->  0.000010              0.000001
  illegal_pairs    = 0.54%      ->  0.24%                 0.08%
  viol_per_cloud   = 26.66       ->  11.94                  4.09
  viol_reduction   =                55.2%                    84.6%
  mean_nn_dist     = 0.077155  ->  0.082382              0.083266
  displacement     =                0.0036 (0.047x rd)   0.0043 (0.056x rd)
  correction_eff   =                0.0174 (86.3% ceil)         0.0169 (83.7% ceil)
2026-05-28 15:18:09 +00:24:24 -01:25:39 [INFO] iter=  2200  0.659s/iter  lr=8.85e-04  loss=0.000248
                                  K=1 (deploy)              K=3 (train)
  mean_violation   = 0.000073  ->  0.000010              0.000001
  illegal_pairs    = 0.54%      ->  0.19%                 0.06%
  viol_per_cloud   = 26.66       ->  9.19                  3.00
  viol_reduction   =                65.5%                    88.7%
  mean_nn_dist     = 0.077155  ->  0.082586              0.083404
  displacement     =                0.0038 (0.050x rd)   0.0043 (0.056x rd)
  correction_eff   =                0.0167 (82.9% ceil)         0.0169 (83.8% ceil)
2026-05-28 15:19:16 +00:25:30 -01:24:52 [INFO] iter=  2300  0.661s/iter  lr=8.75e-04  loss=0.000248
                                  K=1 (deploy)              K=3 (train)
  mean_violation   = 0.000073  ->  0.000010              0.000001
  illegal_pairs    = 0.54%      ->  0.21%                 0.08%
  viol_per_cloud   = 26.66       ->  10.28                  3.97
  viol_reduction   =                61.4%                    85.1%
  mean_nn_dist     = 0.077155  ->  0.082428              0.083233
  displacement     =                0.0037 (0.049x rd)   0.0044 (0.058x rd)
  correction_eff   =                0.0169 (83.7% ceil)         0.0163 (80.7% ceil)
2026-05-28 15:20:22 +00:26:36 -01:23:40 [INFO] iter=  2400  0.661s/iter  lr=8.65e-04  loss=0.000251
                                  K=1 (deploy)              K=3 (train)
  mean_violation   = 0.000073  ->  0.000010              0.000001
  illegal_pairs    = 0.54%      ->  0.18%                 0.05%
  viol_per_cloud   = 26.66       ->  9.16                  2.66
  viol_reduction   =                65.7%                    90.0%
  mean_nn_dist     = 0.077155  ->  0.082623              0.083476
  displacement     =                0.0040 (0.052x rd)   0.0047 (0.062x rd)
  correction_eff   =                0.0160 (79.1% ceil)         0.0154 (76.2% ceil)
2026-05-28 15:21:27 +00:27:42 -01:22:21 [INFO] iter=  2500  0.659s/iter  lr=8.54e-04  loss=0.000252
                                  K=1 (deploy)              K=3 (train)
  mean_violation   = 0.000073  ->  0.000010              0.000001
  illegal_pairs    = 0.54%      ->  0.21%                 0.08%
  viol_per_cloud   = 26.66       ->  10.56                  3.72
  viol_reduction   =                60.4%                    86.0%
  mean_nn_dist     = 0.077155  ->  0.082518              0.083385
  displacement     =                0.0037 (0.048x rd)   0.0042 (0.055x rd)
  correction_eff   =                0.0172 (85.0% ceil)         0.0173 (85.4% ceil)
2026-05-28 15:22:35 +00:28:50 -01:23:15 [INFO] iter=  2600  0.675s/iter  lr=8.42e-04  loss=0.000243
                                  K=1 (deploy)              K=3 (train)
  mean_violation   = 0.000073  ->  0.000010              0.000001
  illegal_pairs    = 0.54%      ->  0.24%                 0.09%
  viol_per_cloud   = 26.66       ->  11.72                  4.66
  viol_reduction   =                56.0%                    82.5%
  mean_nn_dist     = 0.077155  ->  0.082361              0.083207
  displacement     =                0.0035 (0.046x rd)   0.0040 (0.052x rd)
  correction_eff   =                0.0178 (88.3% ceil)         0.0181 (89.4% ceil)
2026-05-28 15:23:41 +00:29:55 -01:19:57 [INFO] iter=  2700  0.657s/iter  lr=8.31e-04  loss=0.000262
                                  K=1 (deploy)              K=3 (train)
  mean_violation   = 0.000073  ->  0.000010              0.000001
  illegal_pairs    = 0.54%      ->  0.19%                 0.05%
  viol_per_cloud   = 26.66       ->  9.19                  2.69
  viol_reduction   =                65.5%                    89.9%
  mean_nn_dist     = 0.077155  ->  0.082719              0.083575
  displacement     =                0.0041 (0.054x rd)   0.0049 (0.064x rd)
  correction_eff   =                0.0155 (76.7% ceil)         0.0149 (73.6% ceil)
2026-05-28 15:24:47 +00:31:02 -01:19:24 [INFO] iter=  2800  0.662s/iter  lr=8.19e-04  loss=0.000250
                                  K=1 (deploy)              K=3 (train)
  mean_violation   = 0.000073  ->  0.000010              0.000001
  illegal_pairs    = 0.54%      ->  0.22%                 0.09%
  viol_per_cloud   = 26.66       ->  11.00                  4.44
  viol_reduction   =                58.7%                    83.4%
  mean_nn_dist     = 0.077155  ->  0.082366              0.083195
  displacement     =                0.0036 (0.047x rd)   0.0040 (0.053x rd)
  correction_eff   =                0.0177 (87.4% ceil)         0.0178 (88.0% ceil)
2026-05-28 15:25:53 +00:32:07 -01:17:56 [INFO] iter=  2900  0.659s/iter  lr=8.07e-04  loss=0.000255
                                  K=1 (deploy)              K=3 (train)
  mean_violation   = 0.000073  ->  0.000010              0.000001
  illegal_pairs    = 0.54%      ->  0.24%                 0.10%
  viol_per_cloud   = 26.66       ->  11.69                  4.78
  viol_reduction   =                56.2%                    82.1%
  mean_nn_dist     = 0.077155  ->  0.082333              0.083209
  displacement     =                0.0037 (0.048x rd)   0.0043 (0.057x rd)
  correction_eff   =                0.0172 (85.1% ceil)         0.0167 (82.5% ceil)
2026-05-28 15:26:59 +00:33:13 -01:16:47 [INFO] iter=  3000  0.658s/iter  lr=7.94e-04  loss=0.000244
                                  K=1 (deploy)              K=3 (train)
  mean_violation   = 0.000073  ->  0.000010              0.000001
  illegal_pairs    = 0.54%      ->  0.19%                 0.06%
  viol_per_cloud   = 26.66       ->  9.44                  2.84
  viol_reduction   =                64.6%                    89.3%
  mean_nn_dist     = 0.077155  ->  0.082648              0.083504
  displacement     =                0.0038 (0.050x rd)   0.0043 (0.056x rd)
  correction_eff   =                0.0166 (82.3% ceil)         0.0169 (83.8% ceil)
2026-05-28 15:28:06 +00:34:21 -01:17:54 [INFO] iter=  3100  0.677s/iter  lr=7.81e-04  loss=0.000259
                                  K=1 (deploy)              K=3 (train)
  mean_violation   = 0.000073  ->  0.000010              0.000001
  illegal_pairs    = 0.54%      ->  0.18%                 0.05%
  viol_per_cloud   = 26.66       ->  8.69                  2.62
  viol_reduction   =                67.4%                    90.2%
  mean_nn_dist     = 0.077155  ->  0.082743              0.083609
  displacement     =                0.0039 (0.052x rd)   0.0043 (0.057x rd)
  correction_eff   =                0.0161 (79.6% ceil)         0.0166 (82.3% ceil)
2026-05-28 15:29:12 +00:35:27 -01:14:38 [INFO] iter=  3200  0.659s/iter  lr=7.68e-04  loss=0.000253
                                  K=1 (deploy)              K=3 (train)
  mean_violation   = 0.000073  ->  0.000010              0.000001
  illegal_pairs    = 0.54%      ->  0.20%                 0.08%
  viol_per_cloud   = 26.66       ->  10.00                  3.88
  viol_reduction   =                62.5%                    85.5%
  mean_nn_dist     = 0.077155  ->  0.082444              0.083265
  displacement     =                0.0037 (0.048x rd)   0.0042 (0.056x rd)
  correction_eff   =                0.0172 (85.0% ceil)         0.0170 (84.1% ceil)
2026-05-28 15:30:18 +00:36:33 -01:13:41 [INFO] iter=  3300  0.660s/iter  lr=7.55e-04  loss=0.000269
                                  K=1 (deploy)              K=3 (train)
  mean_violation   = 0.000073  ->  0.000012              0.000001
  illegal_pairs    = 0.54%      ->  0.35%                 0.10%
  viol_per_cloud   = 26.66       ->  17.50                  5.09
  viol_reduction   =                34.3%                    80.9%
  mean_nn_dist     = 0.077155  ->  0.082117              0.083224
  displacement     =                0.0034 (0.044x rd)   0.0041 (0.054x rd)
  correction_eff   =                0.0183 (90.5% ceil)         0.0174 (86.2% ceil)
2026-05-28 15:31:24 +00:37:39 -01:12:44 [INFO] iter=  3400  0.661s/iter  lr=7.41e-04  loss=0.000254
                                  K=1 (deploy)              K=3 (train)
  mean_violation   = 0.000073  ->  0.000010              0.000001
  illegal_pairs    = 0.54%      ->  0.20%                 0.08%
  viol_per_cloud   = 26.66       ->  9.94                  4.17
  viol_reduction   =                62.7%                    84.3%
  mean_nn_dist     = 0.077155  ->  0.082438              0.083243
  displacement     =                0.0037 (0.048x rd)   0.0041 (0.054x rd)
  correction_eff   =                0.0173 (85.7% ceil)         0.0174 (86.0% ceil)
2026-05-28 15:32:30 +00:38:45 -01:11:14 [INFO] iter=  3500  0.658s/iter  lr=7.27e-04  loss=0.000254
                                  K=1 (deploy)              K=3 (train)
  mean_violation   = 0.000073  ->  0.000010              0.000001
  illegal_pairs    = 0.54%      ->  0.23%                 0.09%
  viol_per_cloud   = 26.66       ->  11.19                  4.66
  viol_reduction   =                58.0%                    82.5%
  mean_nn_dist     = 0.077155  ->  0.082337              0.083175
  displacement     =                0.0036 (0.047x rd)   0.0041 (0.053x rd)
  correction_eff   =                0.0177 (87.8% ceil)         0.0177 (87.7% ceil)
2026-05-28 15:33:38 +00:39:52 -01:12:01 [INFO] iter=  3600  0.675s/iter  lr=7.13e-04  loss=0.000252
                                  K=1 (deploy)              K=3 (train)
  mean_violation   = 0.000073  ->  0.000011              0.000002
  illegal_pairs    = 0.54%      ->  0.32%                 0.10%
  viol_per_cloud   = 26.66       ->  15.97                  5.16
  viol_reduction   =                40.1%                    80.7%
  mean_nn_dist     = 0.077155  ->  0.082158              0.083128
  displacement     =                0.0034 (0.044x rd)   0.0039 (0.052x rd)
  correction_eff   =                0.0184 (91.2% ceil)         0.0182 (89.9% ceil)
2026-05-28 15:34:43 +00:40:58 -01:08:55 [INFO] iter=  3700  0.656s/iter  lr=6.99e-04  loss=0.000253
                                  K=1 (deploy)              K=3 (train)
  mean_violation   = 0.000073  ->  0.000010              0.000001
  illegal_pairs    = 0.54%      ->  0.20%                 0.08%
  viol_per_cloud   = 26.66       ->  10.03                  3.84
  viol_reduction   =                62.4%                    85.6%
  mean_nn_dist     = 0.077155  ->  0.082422              0.083238
  displacement     =                0.0037 (0.048x rd)   0.0042 (0.056x rd)
  correction_eff   =                0.0172 (85.4% ceil)         0.0170 (84.1% ceil)
2026-05-28 15:35:49 +00:42:04 -01:08:06 [INFO] iter=  3800  0.659s/iter  lr=6.84e-04  loss=0.000255
                                  K=1 (deploy)              K=3 (train)
  mean_violation   = 0.000073  ->  0.000010              0.000001
  illegal_pairs    = 0.54%      ->  0.20%                 0.06%
  viol_per_cloud   = 26.66       ->  9.88                  2.84
  viol_reduction   =                63.0%                    89.3%
  mean_nn_dist     = 0.077155  ->  0.082614              0.083489
  displacement     =                0.0039 (0.051x rd)   0.0045 (0.059x rd)
  correction_eff   =                0.0164 (81.4% ceil)         0.0161 (79.6% ceil)
2026-05-28 15:36:55 +00:43:10 -01:07:12 [INFO] iter=  3900  0.661s/iter  lr=6.70e-04  loss=0.000245
                                  K=1 (deploy)              K=3 (train)
  mean_violation   = 0.000073  ->  0.000010              0.000001
  illegal_pairs    = 0.54%      ->  0.19%                 0.07%
  viol_per_cloud   = 26.66       ->  9.59                  3.69
  viol_reduction   =                64.0%                    86.2%
  mean_nn_dist     = 0.077155  ->  0.082532              0.083363
  displacement     =                0.0038 (0.049x rd)   0.0043 (0.056x rd)
  correction_eff   =                0.0169 (83.4% ceil)         0.0169 (83.5% ceil)
2026-05-28 15:38:01 +00:44:16 -01:05:54 [INFO] iter=  4000  0.659s/iter  lr=6.55e-04  loss=0.000250
                                  K=1 (deploy)              K=3 (train)
  mean_violation   = 0.000073  ->  0.000010              0.000001
  illegal_pairs    = 0.54%      ->  0.18%                 0.06%
  viol_per_cloud   = 26.66       ->  8.91                  2.91
  viol_reduction   =                66.6%                    89.1%
  mean_nn_dist     = 0.077155  ->  0.082647              0.083483
  displacement     =                0.0039 (0.051x rd)   0.0044 (0.057x rd)
  correction_eff   =                0.0165 (81.5% ceil)         0.0165 (81.7% ceil)
2026-05-28 15:39:09 +00:45:24 -01:06:39 [INFO] iter=  4100  0.678s/iter  lr=6.40e-04  loss=0.000249
                                  K=1 (deploy)              K=3 (train)
  mean_violation   = 0.000073  ->  0.000010              0.000001
  illegal_pairs    = 0.54%      ->  0.20%                 0.07%
  viol_per_cloud   = 26.66       ->  9.69                  3.69
  viol_reduction   =                63.7%                    86.2%
  mean_nn_dist     = 0.077155  ->  0.082446              0.083244
  displacement     =                0.0036 (0.048x rd)   0.0040 (0.053x rd)
  correction_eff   =                0.0175 (86.7% ceil)         0.0178 (88.2% ceil)
2026-05-28 15:40:15 +00:46:29 -01:03:26 [INFO] iter=  4200  0.656s/iter  lr=6.25e-04  loss=0.000247
                                  K=1 (deploy)              K=3 (train)
  mean_violation   = 0.000073  ->  0.000010              0.000001
  illegal_pairs    = 0.54%      ->  0.21%                 0.08%
  viol_per_cloud   = 26.66       ->  10.44                  3.78
  viol_reduction   =                60.8%                    85.8%
  mean_nn_dist     = 0.077155  ->  0.082419              0.083234
  displacement     =                0.0036 (0.047x rd)   0.0041 (0.054x rd)
  correction_eff   =                0.0176 (86.9% ceil)         0.0176 (86.9% ceil)
2026-05-28 15:41:21 +00:47:35 -01:02:50 [INFO] iter=  4300  0.661s/iter  lr=6.09e-04  loss=0.000250
                                  K=1 (deploy)              K=3 (train)
  mean_violation   = 0.000073  ->  0.000010              0.000001
  illegal_pairs    = 0.54%      ->  0.20%                 0.08%
  viol_per_cloud   = 26.66       ->  9.97                  3.81
  viol_reduction   =                62.6%                    85.7%
  mean_nn_dist     = 0.077155  ->  0.082427              0.083220
  displacement     =                0.0036 (0.048x rd)   0.0041 (0.054x rd)
  correction_eff   =                0.0175 (86.5% ceil)         0.0175 (86.5% ceil)
2026-05-28 15:42:27 +00:48:41 -01:01:34 [INFO] iter=  4400  0.660s/iter  lr=5.94e-04  loss=0.000247
                                  K=1 (deploy)              K=3 (train)
  mean_violation   = 0.000073  ->  0.000010              0.000001
  illegal_pairs    = 0.54%      ->  0.21%                 0.08%
  viol_per_cloud   = 26.66       ->  10.41                  4.03
  viol_reduction   =                61.0%                    84.9%
  mean_nn_dist     = 0.077155  ->  0.082404              0.083217
  displacement     =                0.0036 (0.047x rd)   0.0040 (0.053x rd)
  correction_eff   =                0.0176 (87.1% ceil)         0.0178 (88.0% ceil)
2026-05-28 15:43:32 +00:49:47 -01:00:10 [INFO] iter=  4500  0.656s/iter  lr=5.79e-04  loss=0.000246
                                  K=1 (deploy)              K=3 (train)
  mean_violation   = 0.000073  ->  0.000010              0.000001
  illegal_pairs    = 0.54%      ->  0.21%                 0.07%
  viol_per_cloud   = 26.66       ->  10.16                  3.62
  viol_reduction   =                61.9%                    86.4%
  mean_nn_dist     = 0.077155  ->  0.082434              0.083241
  displacement     =                0.0036 (0.048x rd)   0.0041 (0.054x rd)
  correction_eff   =                0.0174 (86.2% ceil)         0.0174 (86.2% ceil)
2026-05-28 15:44:40 +00:50:54 -01:00:41 [INFO] iter=  4600  0.674s/iter  lr=5.63e-04  loss=0.000248
                                  K=1 (deploy)              K=3 (train)
  mean_violation   = 0.000073  ->  0.000010              0.000001
  illegal_pairs    = 0.54%      ->  0.21%                 0.08%
  viol_per_cloud   = 26.66       ->  10.19                  4.06
  viol_reduction   =                61.8%                    84.8%
  mean_nn_dist     = 0.077155  ->  0.082408              0.083208
  displacement     =                0.0036 (0.047x rd)   0.0040 (0.053x rd)
  correction_eff   =                0.0177 (87.6% ceil)         0.0179 (88.5% ceil)
2026-05-28 15:45:45 +00:52:00 -00:57:52 [INFO] iter=  4700  0.655s/iter  lr=5.48e-04  loss=0.000271
                                  K=1 (deploy)              K=3 (train)
  mean_violation   = 0.000073  ->  0.000010              0.000001
  illegal_pairs    = 0.54%      ->  0.20%                 0.07%
  viol_per_cloud   = 26.66       ->  9.97                  3.69
  viol_reduction   =                62.6%                    86.2%
  mean_nn_dist     = 0.077155  ->  0.082506              0.083341
  displacement     =                0.0037 (0.048x rd)   0.0042 (0.056x rd)
  correction_eff   =                0.0172 (85.0% ceil)         0.0170 (84.3% ceil)
2026-05-28 15:46:50 +00:53:05 -00:56:26 [INFO] iter=  4800  0.651s/iter  lr=5.32e-04  loss=0.000246
                                  K=1 (deploy)              K=3 (train)
  mean_violation   = 0.000073  ->  0.000010              0.000001
  illegal_pairs    = 0.54%      ->  0.23%                 0.09%
  viol_per_cloud   = 26.66       ->  11.47                  4.47
  viol_reduction   =                57.0%                    83.2%
  mean_nn_dist     = 0.077155  ->  0.082337              0.083169
  displacement     =                0.0035 (0.046x rd)   0.0040 (0.053x rd)
  correction_eff   =                0.0179 (88.8% ceil)         0.0179 (88.6% ceil)
2026-05-28 15:47:56 +00:54:10 -00:55:27 [INFO] iter=  4900  0.652s/iter  lr=5.16e-04  loss=0.000250
                                  K=1 (deploy)              K=3 (train)
  mean_violation   = 0.000073  ->  0.000010              0.000001
  illegal_pairs    = 0.54%      ->  0.21%                 0.09%
  viol_per_cloud   = 26.66       ->  10.16                  4.25
  viol_reduction   =                61.9%                    84.1%
  mean_nn_dist     = 0.077155  ->  0.082414              0.083220
  displacement     =                0.0036 (0.047x rd)   0.0041 (0.053x rd)
  correction_eff   =                0.0176 (87.0% ceil)         0.0177 (87.5% ceil)
2026-05-28 15:49:01 +00:55:16 -00:54:33 [INFO] iter=  5000  0.655s/iter  lr=5.01e-04  loss=0.000246
                                  K=1 (deploy)              K=3 (train)
  mean_violation   = 0.000073  ->  0.000010              0.000001
  illegal_pairs    = 0.54%      ->  0.22%                 0.09%
  viol_per_cloud   = 26.66       ->  11.06                  4.22
  viol_reduction   =                58.5%                    84.2%
  mean_nn_dist     = 0.077155  ->  0.082359              0.083184
  displacement     =                0.0036 (0.047x rd)   0.0041 (0.054x rd)
  correction_eff   =                0.0177 (87.4% ceil)         0.0175 (86.5% ceil)
2026-05-28 15:50:09 +00:56:23 -00:55:11 [INFO] iter=  5100  0.676s/iter  lr=4.85e-04  loss=0.000247
                                  K=1 (deploy)              K=3 (train)
  mean_violation   = 0.000073  ->  0.000010              0.000001
  illegal_pairs    = 0.54%      ->  0.21%                 0.07%
  viol_per_cloud   = 26.66       ->  10.31                  3.53
  viol_reduction   =                61.3%                    86.8%
  mean_nn_dist     = 0.077155  ->  0.082459              0.083275
  displacement     =                0.0037 (0.048x rd)   0.0041 (0.055x rd)
  correction_eff   =                0.0174 (85.9% ceil)         0.0173 (85.8% ceil)
2026-05-28 15:51:14 +00:57:29 -00:52:12 [INFO] iter=  5200  0.653s/iter  lr=4.69e-04  loss=0.000246
                                  K=1 (deploy)              K=3 (train)
  mean_violation   = 0.000073  ->  0.000010              0.000001
  illegal_pairs    = 0.54%      ->  0.21%                 0.08%
  viol_per_cloud   = 26.66       ->  10.38                  3.75
  viol_reduction   =                61.1%                    85.9%
  mean_nn_dist     = 0.077155  ->  0.082430              0.083237
  displacement     =                0.0036 (0.048x rd)   0.0041 (0.054x rd)
  correction_eff   =                0.0175 (86.7% ceil)         0.0177 (87.4% ceil)
2026-05-28 15:52:20 +00:58:35 -00:51:36 [INFO] iter=  5300  0.659s/iter  lr=4.53e-04  loss=0.000247
                                  K=1 (deploy)              K=3 (train)
  mean_violation   = 0.000073  ->  0.000010              0.000001
  illegal_pairs    = 0.54%      ->  0.20%                 0.07%
  viol_per_cloud   = 26.66       ->  9.97                  3.44
  viol_reduction   =                62.6%                    87.1%
  mean_nn_dist     = 0.077155  ->  0.082494              0.083312
  displacement     =                0.0037 (0.049x rd)   0.0041 (0.055x rd)
  correction_eff   =                0.0172 (85.2% ceil)         0.0173 (85.9% ceil)
2026-05-28 15:53:25 +00:59:40 -00:50:03 [INFO] iter=  5400  0.653s/iter  lr=4.38e-04  loss=0.000246
                                  K=1 (deploy)              K=3 (train)
  mean_violation   = 0.000073  ->  0.000010              0.000001
  illegal_pairs    = 0.54%      ->  0.28%                 0.10%
  viol_per_cloud   = 26.66       ->  13.88                  5.12
  viol_reduction   =                47.9%                    80.8%
  mean_nn_dist     = 0.077155  ->  0.082269              0.083173
  displacement     =                0.0035 (0.046x rd)   0.0041 (0.054x rd)
  correction_eff   =                0.0179 (88.5% ceil)         0.0175 (86.6% ceil)
2026-05-28 15:54:31 +01:00:46 -00:49:29 [INFO] iter=  5500  0.660s/iter  lr=4.22e-04  loss=0.000242
                                  K=1 (deploy)              K=3 (train)
  mean_violation   = 0.000073  ->  0.000010              0.000001
  illegal_pairs    = 0.54%      ->  0.21%                 0.08%
  viol_per_cloud   = 26.66       ->  10.28                  3.91
  viol_reduction   =                61.4%                    85.3%
  mean_nn_dist     = 0.077155  ->  0.082407              0.083214
  displacement     =                0.0036 (0.047x rd)   0.0040 (0.053x rd)
  correction_eff   =                0.0176 (87.4% ceil)         0.0178 (88.1% ceil)
2026-05-28 15:55:40 +01:01:54 -00:50:12 [INFO] iter=  5600  0.685s/iter  lr=4.07e-04  loss=0.000244
                                  K=1 (deploy)              K=3 (train)
  mean_violation   = 0.000073  ->  0.000010              0.000001
  illegal_pairs    = 0.54%      ->  0.20%                 0.07%
  viol_per_cloud   = 26.66       ->  10.12                  3.44
  viol_reduction   =                62.0%                    87.1%
  mean_nn_dist     = 0.077155  ->  0.082547              0.083422
  displacement     =                0.0037 (0.049x rd)   0.0042 (0.055x rd)
  correction_eff   =                0.0170 (83.9% ceil)         0.0171 (84.5% ceil)
2026-05-28 15:56:46 +01:03:00 -00:47:19 [INFO] iter=  5700  0.660s/iter  lr=3.92e-04  loss=0.000245
                                  K=1 (deploy)              K=3 (train)
  mean_violation   = 0.000073  ->  0.000010              0.000001
  illegal_pairs    = 0.54%      ->  0.20%                 0.08%
  viol_per_cloud   = 26.66       ->  10.00                  3.91
  viol_reduction   =                62.5%                    85.3%
  mean_nn_dist     = 0.077155  ->  0.082424              0.083221
  displacement     =                0.0036 (0.048x rd)   0.0041 (0.053x rd)
  correction_eff   =                0.0175 (86.7% ceil)         0.0177 (87.7% ceil)
2026-05-28 15:57:51 +01:04:06 -00:46:03 [INFO] iter=  5800  0.658s/iter  lr=3.76e-04  loss=0.000248
                                  K=1 (deploy)              K=3 (train)
  mean_violation   = 0.000073  ->  0.000010              0.000001
  illegal_pairs    = 0.54%      ->  0.21%                 0.08%
  viol_per_cloud   = 26.66       ->  10.53                  4.12
  viol_reduction   =                60.5%                    84.5%
  mean_nn_dist     = 0.077155  ->  0.082389              0.083183
  displacement     =                0.0036 (0.047x rd)   0.0040 (0.052x rd)
  correction_eff   =                0.0178 (87.9% ceil)         0.0180 (89.3% ceil)
2026-05-28 15:58:57 +01:05:12 -00:44:55 [INFO] iter=  5900  0.657s/iter  lr=3.61e-04  loss=0.000246
                                  K=1 (deploy)              K=3 (train)
  mean_violation   = 0.000073  ->  0.000010              0.000001
  illegal_pairs    = 0.54%      ->  0.20%                 0.08%
  viol_per_cloud   = 26.66       ->  9.78                  3.94
  viol_reduction   =                63.3%                    85.2%
  mean_nn_dist     = 0.077155  ->  0.082414              0.083201
  displacement     =                0.0036 (0.048x rd)   0.0041 (0.053x rd)
  correction_eff   =                0.0175 (86.8% ceil)         0.0177 (87.6% ceil)
2026-05-28 16:00:03 +01:06:18 -00:43:52 [INFO] iter=  6000  0.658s/iter  lr=3.46e-04  loss=0.000244
                                  K=1 (deploy)              K=3 (train)
  mean_violation   = 0.000073  ->  0.000010              0.000001
  illegal_pairs    = 0.54%      ->  0.22%                 0.09%
  viol_per_cloud   = 26.66       ->  10.84                  4.25
  viol_reduction   =                59.3%                    84.1%
  mean_nn_dist     = 0.077155  ->  0.082392              0.083246
  displacement     =                0.0036 (0.047x rd)   0.0041 (0.054x rd)
  correction_eff   =                0.0175 (86.8% ceil)         0.0175 (86.7% ceil)
2026-05-28 16:01:11 +01:07:26 -00:44:11 [INFO] iter=  6100  0.680s/iter  lr=3.31e-04  loss=0.000250
                                  K=1 (deploy)              K=3 (train)
  mean_violation   = 0.000073  ->  0.000010              0.000001
  illegal_pairs    = 0.54%      ->  0.20%                 0.07%
  viol_per_cloud   = 26.66       ->  10.00                  3.38
  viol_reduction   =                62.5%                    87.3%
  mean_nn_dist     = 0.077155  ->  0.082473              0.083280
  displacement     =                0.0037 (0.049x rd)   0.0043 (0.056x rd)
  correction_eff   =                0.0171 (84.7% ceil)         0.0169 (83.5% ceil)
2026-05-28 16:02:16 +01:08:31 -00:41:31 [INFO] iter=  6200  0.656s/iter  lr=3.17e-04  loss=0.000245
                                  K=1 (deploy)              K=3 (train)
  mean_violation   = 0.000073  ->  0.000010              0.000001
  illegal_pairs    = 0.54%      ->  0.22%                 0.07%
  viol_per_cloud   = 26.66       ->  10.66                  3.69
  viol_reduction   =                60.0%                    86.2%
  mean_nn_dist     = 0.077155  ->  0.082429              0.083245
  displacement     =                0.0036 (0.047x rd)   0.0040 (0.053x rd)
  correction_eff   =                0.0176 (87.0% ceil)         0.0179 (88.4% ceil)
2026-05-28 16:03:22 +01:09:37 -00:40:18 [INFO] iter=  6300  0.654s/iter  lr=3.02e-04  loss=0.000245
                                  K=1 (deploy)              K=3 (train)
  mean_violation   = 0.000073  ->  0.000010              0.000001
  illegal_pairs    = 0.54%      ->  0.22%                 0.09%
  viol_per_cloud   = 26.66       ->  10.78                  4.38
  viol_reduction   =                59.6%                    83.6%
  mean_nn_dist     = 0.077155  ->  0.082362              0.083160
  displacement     =                0.0036 (0.047x rd)   0.0040 (0.052x rd)
  correction_eff   =                0.0178 (88.3% ceil)         0.0180 (89.2% ceil)
2026-05-28 16:04:27 +01:10:42 -00:39:04 [INFO] iter=  6400  0.651s/iter  lr=2.88e-04  loss=0.000245
                                  K=1 (deploy)              K=3 (train)
  mean_violation   = 0.000073  ->  0.000010              0.000001
  illegal_pairs    = 0.54%      ->  0.20%                 0.08%
  viol_per_cloud   = 26.66       ->  10.12                  3.72
  viol_reduction   =                62.0%                    86.0%
  mean_nn_dist     = 0.077155  ->  0.082445              0.083251
  displacement     =                0.0036 (0.048x rd)   0.0040 (0.053x rd)
  correction_eff   =                0.0175 (86.8% ceil)         0.0178 (88.0% ceil)
2026-05-28 16:05:32 +01:11:47 -00:38:07 [INFO] iter=  6500  0.654s/iter  lr=2.74e-04  loss=0.000250
                                  K=1 (deploy)              K=3 (train)
  mean_violation   = 0.000073  ->  0.000010              0.000001
  illegal_pairs    = 0.54%      ->  0.21%                 0.08%
  viol_per_cloud   = 26.66       ->  10.31                  3.84
  viol_reduction   =                61.3%                    85.6%
  mean_nn_dist     = 0.077155  ->  0.082442              0.083255
  displacement     =                0.0036 (0.048x rd)   0.0040 (0.053x rd)
  correction_eff   =                0.0175 (86.8% ceil)         0.0178 (88.1% ceil)
2026-05-28 16:06:40 +01:12:55 -00:38:22 [INFO] iter=  6600  0.677s/iter  lr=2.60e-04  loss=0.000244
                                  K=1 (deploy)              K=3 (train)
  mean_violation   = 0.000073  ->  0.000010              0.000001
  illegal_pairs    = 0.54%      ->  0.20%                 0.08%
  viol_per_cloud   = 26.66       ->  10.12                  4.00
  viol_reduction   =                62.0%                    85.0%
  mean_nn_dist     = 0.077155  ->  0.082415              0.083219
  displacement     =                0.0036 (0.047x rd)   0.0040 (0.053x rd)
  correction_eff   =                0.0176 (87.2% ceil)         0.0179 (88.6% ceil)
2026-05-28 16:07:45 +01:14:00 -00:35:57 [INFO] iter=  6700  0.654s/iter  lr=2.46e-04  loss=0.000244
                                  K=1 (deploy)              K=3 (train)
  mean_violation   = 0.000073  ->  0.000010              0.000001
  illegal_pairs    = 0.54%      ->  0.20%                 0.08%
  viol_per_cloud   = 26.66       ->  10.09                  4.03
  viol_reduction   =                62.1%                    84.9%
  mean_nn_dist     = 0.077155  ->  0.082402              0.083193
  displacement     =                0.0036 (0.047x rd)   0.0040 (0.053x rd)
  correction_eff   =                0.0176 (87.2% ceil)         0.0178 (88.2% ceil)
2026-05-28 16:08:51 +01:15:06 -00:34:50 [INFO] iter=  6800  0.653s/iter  lr=2.33e-04  loss=0.000244
                                  K=1 (deploy)              K=3 (train)
  mean_violation   = 0.000073  ->  0.000010              0.000001
  illegal_pairs    = 0.54%      ->  0.20%                 0.07%
  viol_per_cloud   = 26.66       ->  9.97                  3.66
  viol_reduction   =                62.6%                    86.3%
  mean_nn_dist     = 0.077155  ->  0.082455              0.083266
  displacement     =                0.0036 (0.048x rd)   0.0040 (0.053x rd)
  correction_eff   =                0.0175 (86.5% ceil)         0.0178 (88.0% ceil)
2026-05-28 16:09:56 +01:16:11 -00:33:49 [INFO] iter=  6900  0.655s/iter  lr=2.20e-04  loss=0.000242
                                  K=1 (deploy)              K=3 (train)
  mean_violation   = 0.000073  ->  0.000010              0.000001
  illegal_pairs    = 0.54%      ->  0.19%                 0.07%
  viol_per_cloud   = 26.66       ->  9.59                  3.47
  viol_reduction   =                64.0%                    87.0%
  mean_nn_dist     = 0.077155  ->  0.082474              0.083270
  displacement     =                0.0037 (0.048x rd)   0.0040 (0.053x rd)
  correction_eff   =                0.0174 (86.2% ceil)         0.0178 (88.0% ceil)
2026-05-28 16:11:02 +01:17:17 -00:32:46 [INFO] iter=  7000  0.656s/iter  lr=2.07e-04  loss=0.000245
                                  K=1 (deploy)              K=3 (train)
  mean_violation   = 0.000073  ->  0.000010              0.000001
  illegal_pairs    = 0.54%      ->  0.21%                 0.09%
  viol_per_cloud   = 26.66       ->  10.31                  4.31
  viol_reduction   =                61.3%                    83.8%
  mean_nn_dist     = 0.077155  ->  0.082369              0.083162
  displacement     =                0.0036 (0.047x rd)   0.0040 (0.053x rd)
  correction_eff   =                0.0178 (88.0% ceil)         0.0179 (88.8% ceil)
2026-05-28 16:12:10 +01:18:24 -00:32:43 [INFO] iter=  7100  0.677s/iter  lr=1.94e-04  loss=0.000245
                                  K=1 (deploy)              K=3 (train)
  mean_violation   = 0.000073  ->  0.000010              0.000001
  illegal_pairs    = 0.54%      ->  0.21%                 0.08%
  viol_per_cloud   = 26.66       ->  10.41                  3.97
  viol_reduction   =                61.0%                    85.1%
  mean_nn_dist     = 0.077155  ->  0.082391              0.083188
  displacement     =                0.0036 (0.047x rd)   0.0040 (0.053x rd)
  correction_eff   =                0.0177 (87.7% ceil)         0.0179 (88.7% ceil)
2026-05-28 16:13:15 +01:19:30 -00:30:32 [INFO] iter=  7200  0.655s/iter  lr=1.82e-04  loss=0.000243
                                  K=1 (deploy)              K=3 (train)
  mean_violation   = 0.000073  ->  0.000010              0.000001
  illegal_pairs    = 0.54%      ->  0.20%                 0.07%
  viol_per_cloud   = 26.66       ->  9.97                  3.66
  viol_reduction   =                62.6%                    86.3%
  mean_nn_dist     = 0.077155  ->  0.082426              0.083225
  displacement     =                0.0036 (0.048x rd)   0.0040 (0.053x rd)
  correction_eff   =                0.0176 (87.0% ceil)         0.0178 (88.3% ceil)
2026-05-28 16:14:20 +01:20:35 -00:29:25 [INFO] iter=  7300  0.654s/iter  lr=1.70e-04  loss=0.000242
                                  K=1 (deploy)              K=3 (train)
  mean_violation   = 0.000073  ->  0.000010              0.000001
  illegal_pairs    = 0.54%      ->  0.21%                 0.08%
  viol_per_cloud   = 26.66       ->  10.50                  4.12
  viol_reduction   =                60.6%                    84.5%
  mean_nn_dist     = 0.077155  ->  0.082385              0.083178
  displacement     =                0.0036 (0.047x rd)   0.0040 (0.052x rd)
  correction_eff   =                0.0178 (88.0% ceil)         0.0180 (89.3% ceil)
2026-05-28 16:15:26 +01:21:41 -00:28:20 [INFO] iter=  7400  0.654s/iter  lr=1.59e-04  loss=0.000244
                                  K=1 (deploy)              K=3 (train)
  mean_violation   = 0.000073  ->  0.000010              0.000001
  illegal_pairs    = 0.54%      ->  0.21%                 0.08%
  viol_per_cloud   = 26.66       ->  10.47                  4.06
  viol_reduction   =                60.7%                    84.8%
  mean_nn_dist     = 0.077155  ->  0.082384              0.083175
  displacement     =                0.0036 (0.047x rd)   0.0040 (0.053x rd)
  correction_eff   =                0.0177 (87.6% ceil)         0.0179 (88.4% ceil)
2026-05-28 16:16:31 +01:22:46 -00:27:16 [INFO] iter=  7500  0.655s/iter  lr=1.47e-04  loss=0.000243
                                  K=1 (deploy)              K=3 (train)
  mean_violation   = 0.000073  ->  0.000010              0.000001
  illegal_pairs    = 0.54%      ->  0.21%                 0.08%
  viol_per_cloud   = 26.66       ->  10.44                  3.88
  viol_reduction   =                60.8%                    85.5%
  mean_nn_dist     = 0.077155  ->  0.082393              0.083189
  displacement     =                0.0036 (0.047x rd)   0.0040 (0.053x rd)
  correction_eff   =                0.0177 (87.6% ceil)         0.0179 (88.4% ceil)
2026-05-28 16:17:38 +01:23:53 -00:26:51 [INFO] iter=  7600  0.671s/iter  lr=1.36e-04  loss=0.000243
                                  K=1 (deploy)              K=3 (train)
  mean_violation   = 0.000073  ->  0.000010              0.000001
  illegal_pairs    = 0.54%      ->  0.21%                 0.08%
  viol_per_cloud   = 26.66       ->  10.16                  3.97
  viol_reduction   =                61.9%                    85.1%
  mean_nn_dist     = 0.077155  ->  0.082408              0.083192
  displacement     =                0.0036 (0.047x rd)   0.0040 (0.053x rd)
  correction_eff   =                0.0177 (87.5% ceil)         0.0179 (88.9% ceil)
2026-05-28 16:18:43 +01:24:58 -00:24:49 [INFO] iter=  7700  0.648s/iter  lr=1.26e-04  loss=0.000245
                                  K=1 (deploy)              K=3 (train)
  mean_violation   = 0.000073  ->  0.000010              0.000001
  illegal_pairs    = 0.54%      ->  0.21%                 0.08%
  viol_per_cloud   = 26.66       ->  10.16                  4.03
  viol_reduction   =                61.9%                    84.9%
  mean_nn_dist     = 0.077155  ->  0.082410              0.083198
  displacement     =                0.0036 (0.047x rd)   0.0040 (0.053x rd)
  correction_eff   =                0.0177 (87.5% ceil)         0.0180 (89.0% ceil)
2026-05-28 16:19:48 +01:26:03 -00:23:42 [INFO] iter=  7800  0.647s/iter  lr=1.16e-04  loss=0.000243
                                  K=1 (deploy)              K=3 (train)
  mean_violation   = 0.000073  ->  0.000010              0.000001
  illegal_pairs    = 0.54%      ->  0.21%                 0.08%
  viol_per_cloud   = 26.66       ->  10.50                  4.16
  viol_reduction   =                60.6%                    84.4%
  mean_nn_dist     = 0.077155  ->  0.082381              0.083174
  displacement     =                0.0036 (0.047x rd)   0.0040 (0.052x rd)
  correction_eff   =                0.0178 (88.1% ceil)         0.0181 (89.4% ceil)
2026-05-28 16:20:52 +01:27:07 -00:22:38 [INFO] iter=  7900  0.647s/iter  lr=1.06e-04  loss=0.000244
                                  K=1 (deploy)              K=3 (train)
  mean_violation   = 0.000073  ->  0.000010              0.000001
  illegal_pairs    = 0.54%      ->  0.22%                 0.08%
  viol_per_cloud   = 26.66       ->  10.72                  4.16
  viol_reduction   =                59.8%                    84.4%
  mean_nn_dist     = 0.077155  ->  0.082381              0.083175
  displacement     =                0.0036 (0.047x rd)   0.0040 (0.052x rd)
  correction_eff   =                0.0178 (88.0% ceil)         0.0180 (89.2% ceil)
2026-05-28 16:21:57 +01:28:12 -00:21:29 [INFO] iter=  8000  0.645s/iter  lr=9.64e-05  loss=0.000243
                                  K=1 (deploy)              K=3 (train)
  mean_violation   = 0.000073  ->  0.000010              0.000001
  illegal_pairs    = 0.54%      ->  0.22%                 0.08%
  viol_per_cloud   = 26.66       ->  10.94                  4.06
  viol_reduction   =                59.0%                    84.8%
  mean_nn_dist     = 0.077155  ->  0.082364              0.083172
  displacement     =                0.0036 (0.047x rd)   0.0040 (0.052x rd)
  correction_eff   =                0.0178 (88.3% ceil)         0.0180 (89.3% ceil)
2026-05-28 16:23:04 +01:29:19 -00:21:24 [INFO] iter=  8100  0.676s/iter  lr=8.74e-05  loss=0.000243
                                  K=1 (deploy)              K=3 (train)
  mean_violation   = 0.000073  ->  0.000010              0.000001
  illegal_pairs    = 0.54%      ->  0.21%                 0.08%
  viol_per_cloud   = 26.66       ->  10.31                  4.16
  viol_reduction   =                61.3%                    84.4%
  mean_nn_dist     = 0.077155  ->  0.082385              0.083173
  displacement     =                0.0036 (0.047x rd)   0.0040 (0.052x rd)
  correction_eff   =                0.0178 (88.1% ceil)         0.0181 (89.4% ceil)
2026-05-28 16:24:10 +01:30:25 -00:19:43 [INFO] iter=  8200  0.658s/iter  lr=7.88e-05  loss=0.000243
                                  K=1 (deploy)              K=3 (train)
  mean_violation   = 0.000073  ->  0.000010              0.000001
  illegal_pairs    = 0.54%      ->  0.21%                 0.08%
  viol_per_cloud   = 26.66       ->  10.41                  4.00
  viol_reduction   =                61.0%                    85.0%
  mean_nn_dist     = 0.077155  ->  0.082395              0.083184
  displacement     =                0.0036 (0.047x rd)   0.0040 (0.052x rd)
  correction_eff   =                0.0178 (87.9% ceil)         0.0180 (89.3% ceil)
2026-05-28 16:25:15 +01:31:30 -00:18:21 [INFO] iter=  8300  0.648s/iter  lr=7.06e-05  loss=0.000244
                                  K=1 (deploy)              K=3 (train)
  mean_violation   = 0.000073  ->  0.000010              0.000001
  illegal_pairs    = 0.54%      ->  0.21%                 0.08%
  viol_per_cloud   = 26.66       ->  10.50                  3.78
  viol_reduction   =                60.6%                    85.8%
  mean_nn_dist     = 0.077155  ->  0.082381              0.083180
  displacement     =                0.0036 (0.047x rd)   0.0040 (0.052x rd)
  correction_eff   =                0.0178 (88.2% ceil)         0.0181 (89.6% ceil)
2026-05-28 16:26:20 +01:32:34 -00:17:14 [INFO] iter=  8400  0.647s/iter  lr=6.28e-05  loss=0.000243
                                  K=1 (deploy)              K=3 (train)
  mean_violation   = 0.000073  ->  0.000010              0.000001
  illegal_pairs    = 0.54%      ->  0.21%                 0.08%
  viol_per_cloud   = 26.66       ->  10.53                  3.97
  viol_reduction   =                60.5%                    85.1%
  mean_nn_dist     = 0.077155  ->  0.082396              0.083193
  displacement     =                0.0036 (0.047x rd)   0.0040 (0.053x rd)
  correction_eff   =                0.0177 (87.7% ceil)         0.0179 (88.7% ceil)
2026-05-28 16:27:24 +01:33:39 -00:16:10 [INFO] iter=  8500  0.647s/iter  lr=5.54e-05  loss=0.000243
                                  K=1 (deploy)              K=3 (train)
  mean_violation   = 0.000073  ->  0.000010              0.000001
  illegal_pairs    = 0.54%      ->  0.21%                 0.08%
  viol_per_cloud   = 26.66       ->  10.19                  4.03
  viol_reduction   =                61.8%                    84.9%
  mean_nn_dist     = 0.077155  ->  0.082398              0.083186
  displacement     =                0.0036 (0.047x rd)   0.0040 (0.053x rd)
  correction_eff   =                0.0177 (87.6% ceil)         0.0179 (88.7% ceil)
2026-05-28 16:28:31 +01:34:46 -00:15:38 [INFO] iter=  8600  0.670s/iter  lr=4.85e-05  loss=0.000243
                                  K=1 (deploy)              K=3 (train)
  mean_violation   = 0.000073  ->  0.000010              0.000001
  illegal_pairs    = 0.54%      ->  0.21%                 0.08%
  viol_per_cloud   = 26.66       ->  10.16                  3.88
  viol_reduction   =                61.9%                    85.5%
  mean_nn_dist     = 0.077155  ->  0.082401              0.083192
  displacement     =                0.0036 (0.047x rd)   0.0040 (0.052x rd)
  correction_eff   =                0.0177 (87.7% ceil)         0.0181 (89.4% ceil)
2026-05-28 16:29:37 +01:35:52 -00:14:11 [INFO] iter=  8700  0.655s/iter  lr=4.21e-05  loss=0.000243
                                  K=1 (deploy)              K=3 (train)
  mean_violation   = 0.000073  ->  0.000010              0.000001
  illegal_pairs    = 0.54%      ->  0.21%                 0.08%
  viol_per_cloud   = 26.66       ->  10.59                  4.03
  viol_reduction   =                60.3%                    84.9%
  mean_nn_dist     = 0.077155  ->  0.082387              0.083181
  displacement     =                0.0036 (0.047x rd)   0.0040 (0.052x rd)
  correction_eff   =                0.0178 (88.0% ceil)         0.0180 (89.3% ceil)
2026-05-28 16:30:42 +01:36:57 -00:13:03 [INFO] iter=  8800  0.653s/iter  lr=3.61e-05  loss=0.000243
                                  K=1 (deploy)              K=3 (train)
  mean_violation   = 0.000073  ->  0.000010              0.000001
  illegal_pairs    = 0.54%      ->  0.21%                 0.08%
  viol_per_cloud   = 26.66       ->  10.22                  3.97
  viol_reduction   =                61.7%                    85.1%
  mean_nn_dist     = 0.077155  ->  0.082399              0.083191
  displacement     =                0.0036 (0.047x rd)   0.0040 (0.052x rd)
  correction_eff   =                0.0177 (87.8% ceil)         0.0181 (89.4% ceil)
2026-05-28 16:31:48 +01:38:03 -00:12:05 [INFO] iter=  8900  0.660s/iter  lr=3.05e-05  loss=0.000243
                                  K=1 (deploy)              K=3 (train)
  mean_violation   = 0.000073  ->  0.000010              0.000001
  illegal_pairs    = 0.54%      ->  0.20%                 0.08%
  viol_per_cloud   = 26.66       ->  10.12                  3.81
  viol_reduction   =                62.0%                    85.7%
  mean_nn_dist     = 0.077155  ->  0.082404              0.083188
  displacement     =                0.0036 (0.047x rd)   0.0040 (0.052x rd)
  correction_eff   =                0.0177 (87.8% ceil)         0.0181 (89.4% ceil)
2026-05-28 16:32:53 +01:39:08 -00:10:46 [INFO] iter=  9000  0.646s/iter  lr=2.54e-05  loss=0.000243
                                  K=1 (deploy)              K=3 (train)
  mean_violation   = 0.000073  ->  0.000010              0.000001
  illegal_pairs    = 0.54%      ->  0.21%                 0.08%
  viol_per_cloud   = 26.66       ->  10.53                  3.97
  viol_reduction   =                60.5%                    85.1%
  mean_nn_dist     = 0.077155  ->  0.082398              0.083192
  displacement     =                0.0036 (0.047x rd)   0.0040 (0.052x rd)
  correction_eff   =                0.0178 (87.9% ceil)         0.0181 (89.4% ceil)
2026-05-28 16:34:00 +01:40:14 -00:10:02 [INFO] iter=  9100  0.669s/iter  lr=2.08e-05  loss=0.000242
                                  K=1 (deploy)              K=3 (train)
  mean_violation   = 0.000073  ->  0.000010              0.000001
  illegal_pairs    = 0.54%      ->  0.21%                 0.08%
  viol_per_cloud   = 26.66       ->  10.50                  4.03
  viol_reduction   =                60.6%                    84.9%
  mean_nn_dist     = 0.077155  ->  0.082395              0.083190
  displacement     =                0.0036 (0.047x rd)   0.0040 (0.052x rd)
  correction_eff   =                0.0178 (87.9% ceil)         0.0180 (89.2% ceil)
2026-05-28 16:35:05 +01:41:19 -00:08:40 [INFO] iter=  9200  0.651s/iter  lr=1.67e-05  loss=0.000242
                                  K=1 (deploy)              K=3 (train)
  mean_violation   = 0.000073  ->  0.000010              0.000001
  illegal_pairs    = 0.54%      ->  0.20%                 0.08%
  viol_per_cloud   = 26.66       ->  9.78                  4.03
  viol_reduction   =                63.3%                    84.9%
  mean_nn_dist     = 0.077155  ->  0.082403              0.083186
  displacement     =                0.0036 (0.047x rd)   0.0040 (0.052x rd)
  correction_eff   =                0.0177 (87.7% ceil)         0.0180 (89.3% ceil)
2026-05-28 16:36:10 +01:42:25 -00:07:36 [INFO] iter=  9300  0.651s/iter  lr=1.30e-05  loss=0.000242
                                  K=1 (deploy)              K=3 (train)
  mean_violation   = 0.000073  ->  0.000010              0.000001
  illegal_pairs    = 0.54%      ->  0.21%                 0.08%
  viol_per_cloud   = 26.66       ->  10.25                  3.97
  viol_reduction   =                61.5%                    85.1%
  mean_nn_dist     = 0.077155  ->  0.082400              0.083186
  displacement     =                0.0036 (0.047x rd)   0.0040 (0.052x rd)
  correction_eff   =                0.0178 (87.9% ceil)         0.0181 (89.5% ceil)
2026-05-28 16:37:15 +01:43:30 -00:06:29 [INFO] iter=  9400  0.650s/iter  lr=9.85e-06  loss=0.000242
                                  K=1 (deploy)              K=3 (train)
  mean_violation   = 0.000073  ->  0.000010              0.000001
  illegal_pairs    = 0.54%      ->  0.21%                 0.08%
  viol_per_cloud   = 26.66       ->  10.56                  4.00
  viol_reduction   =                60.4%                    85.0%
  mean_nn_dist     = 0.077155  ->  0.082400              0.083196
  displacement     =                0.0036 (0.047x rd)   0.0040 (0.052x rd)
  correction_eff   =                0.0178 (87.9% ceil)         0.0180 (89.3% ceil)
2026-05-28 16:38:20 +01:44:35 -00:05:25 [INFO] iter=  9500  0.651s/iter  lr=7.15e-06  loss=0.000242
                                  K=1 (deploy)              K=3 (train)
  mean_violation   = 0.000073  ->  0.000010              0.000001
  illegal_pairs    = 0.54%      ->  0.21%                 0.08%
  viol_per_cloud   = 26.66       ->  10.19                  3.97
  viol_reduction   =                61.8%                    85.1%
  mean_nn_dist     = 0.077155  ->  0.082399              0.083195
  displacement     =                0.0036 (0.047x rd)   0.0040 (0.052x rd)
  correction_eff   =                0.0178 (87.9% ceil)         0.0181 (89.4% ceil)
2026-05-28 16:39:27 +01:45:41 -00:04:26 [INFO] iter=  9600  0.667s/iter  lr=4.94e-06  loss=0.000243
                                  K=1 (deploy)              K=3 (train)
  mean_violation   = 0.000073  ->  0.000010              0.000001
  illegal_pairs    = 0.54%      ->  0.21%                 0.08%
  viol_per_cloud   = 26.66       ->  10.50                  3.94
  viol_reduction   =                60.6%                    85.2%
  mean_nn_dist     = 0.077155  ->  0.082399              0.083193
  displacement     =                0.0036 (0.047x rd)   0.0040 (0.052x rd)
  correction_eff   =                0.0178 (87.9% ceil)         0.0181 (89.4% ceil)
2026-05-28 16:40:31 +01:46:46 -00:03:13 [INFO] iter=  9700  0.645s/iter  lr=3.22e-06  loss=0.000242
                                  K=1 (deploy)              K=3 (train)
  mean_violation   = 0.000073  ->  0.000010              0.000001
  illegal_pairs    = 0.54%      ->  0.21%                 0.08%
  viol_per_cloud   = 26.66       ->  10.38                  3.94
  viol_reduction   =                61.1%                    85.2%
  mean_nn_dist     = 0.077155  ->  0.082400              0.083190
  displacement     =                0.0036 (0.047x rd)   0.0040 (0.052x rd)
  correction_eff   =                0.0178 (87.9% ceil)         0.0181 (89.4% ceil)
2026-05-28 16:41:36 +01:47:51 -00:02:09 [INFO] iter=  9800  0.646s/iter  lr=1.99e-06  loss=0.000242
                                  K=1 (deploy)              K=3 (train)
  mean_violation   = 0.000073  ->  0.000010              0.000001
  illegal_pairs    = 0.54%      ->  0.21%                 0.08%
  viol_per_cloud   = 26.66       ->  10.56                  3.94
  viol_reduction   =                60.4%                    85.2%
  mean_nn_dist     = 0.077155  ->  0.082399              0.083193
  displacement     =                0.0036 (0.047x rd)   0.0040 (0.052x rd)
  correction_eff   =                0.0178 (87.9% ceil)         0.0181 (89.4% ceil)
2026-05-28 16:42:40 +01:48:55 -00:01:04 [INFO] iter=  9900  0.647s/iter  lr=1.25e-06  loss=0.000242
                                  K=1 (deploy)              K=3 (train)
  mean_violation   = 0.000073  ->  0.000010              0.000001
  illegal_pairs    = 0.54%      ->  0.21%                 0.08%
  viol_per_cloud   = 26.66       ->  10.28                  4.00
  viol_reduction   =                61.4%                    85.0%
  mean_nn_dist     = 0.077155  ->  0.082400              0.083187
  displacement     =                0.0036 (0.047x rd)   0.0040 (0.052x rd)
  correction_eff   =                0.0178 (87.9% ceil)         0.0181 (89.5% ceil)
2026-05-28 16:43:45 +01:50:00 -00:00:00 [INFO] iter= 10000  0.647s/iter  lr=1.00e-06  loss=0.000242
                                  K=1 (deploy)              K=3 (train)
  mean_violation   = 0.000073  ->  0.000010              0.000001
  illegal_pairs    = 0.54%      ->  0.20%                 0.08%
  viol_per_cloud   = 26.66       ->  10.09                  3.97
  viol_reduction   =                62.1%                    85.1%
  mean_nn_dist     = 0.077155  ->  0.082400              0.083186
  displacement     =                0.0036 (0.047x rd)   0.0040 (0.052x rd)
  correction_eff   =                0.0178 (87.9% ceil)         0.0181 (89.5% ceil)
2026-05-28 16:43:47 +01:50:02 -00:00:00 [INFO] Training complete. Model saved to training_artifacts\train_run_2026-05-28_14-53-45\model_final.pt
2026-05-28 16:43:48 +01:50:03 -00:00:00 [INFO] Evolution GIF saved to training_artifacts\train_run_2026-05-28_14-53-45\evolution.gif
2026-05-28 16:43:50 +00:00:00 --:--:-- [INFO] Run directory: training_artifacts\train_run_2026-05-28_16-43-50
2026-05-28 16:43:50 +00:00:00 --:--:-- [INFO] Configs copied to run directory
2026-05-28 16:43:50 +00:00:00 --:--:-- [INFO] Using device: cuda
2026-05-28 16:43:50 +00:00:00 --:--:-- [INFO] Packed dataset: packedness=0.75, N_target=100, rd=0.0931
2026-05-28 16:43:50 +00:00:00 --:--:-- [INFO] Generating validation set (200 clouds)...
2026-05-28 16:43:54 +00:00:03 --:--:-- [INFO] Validation set saved
2026-05-28 16:43:54 +00:00:03 --:--:-- [INFO] Model built: 51,458 parameters
2026-05-28 16:43:55 +00:00:04 --:--:-- [INFO] Starting training for 10000 iterations
2026-05-28 16:44:58 +00:01:07 -01:44:58 [INFO] iter=   100  0.636s/iter  lr=1.00e-03  loss=0.004904
                                  K=1 (deploy)              K=3 (train)
  mean_violation   = 0.000123  ->  0.000058              0.000027
  illegal_pairs    = 0.75%      ->  0.51%                 0.35%
  viol_per_cloud   = 17.56       ->  11.88                  8.25
  viol_reduction   =                32.4%                    53.0%
  mean_nn_dist     = 0.095416  ->  0.099906              0.101792
  displacement     =                0.1121 (1.204x rd)   0.3354 (3.602x rd)
  correction_eff   =                0.0006 (2.0% ceil)         0.0003 (1.0% ceil)
2026-05-28 16:46:02 +00:02:11 -01:43:48 [INFO] iter=   200  0.636s/iter  lr=9.99e-04  loss=0.004847
                                  K=1 (deploy)              K=3 (train)
  mean_violation   = 0.000123  ->  0.000054              0.000024
  illegal_pairs    = 0.75%      ->  0.50%                 0.35%
  viol_per_cloud   = 17.56       ->  11.72                  8.28
  viol_reduction   =                33.3%                    52.8%
  mean_nn_dist     = 0.095416  ->  0.099933              0.101684
  displacement     =                0.1120 (1.203x rd)   0.3352 (3.600x rd)
  correction_eff   =                0.0006 (2.1% ceil)         0.0003 (1.0% ceil)
2026-05-28 16:47:06 +00:03:15 -01:43:28 [INFO] iter=   300  0.640s/iter  lr=9.98e-04  loss=0.004914
                                  K=1 (deploy)              K=3 (train)
  mean_violation   = 0.000123  ->  0.000058              0.000025
  illegal_pairs    = 0.75%      ->  0.52%                 0.35%
  viol_per_cloud   = 17.56       ->  12.28                  8.22
  viol_reduction   =                30.1%                    53.2%
  mean_nn_dist     = 0.095416  ->  0.099995              0.102120
  displacement     =                0.1115 (1.198x rd)   0.3337 (3.584x rd)
  correction_eff   =                0.0006 (2.0% ceil)         0.0003 (1.0% ceil)
2026-05-28 16:48:09 +00:04:18 -01:40:51 [INFO] iter=   400  0.630s/iter  lr=9.96e-04  loss=0.000684
                                  K=1 (deploy)              K=3 (train)
  mean_violation   = 0.000123  ->  0.000027              0.000006
  illegal_pairs    = 0.75%      ->  0.38%                 0.14%
  viol_per_cloud   = 17.56       ->  8.88                  3.22
  viol_reduction   =                49.5%                    81.7%
  mean_nn_dist     = 0.095416  ->  0.101757              0.103203
  displacement     =                0.0057 (0.061x rd)   0.0089 (0.095x rd)
  correction_eff   =                0.0169 (57.5% ceil)         0.0131 (44.6% ceil)
2026-05-28 16:49:12 +00:05:21 -01:39:40 [INFO] iter=   500  0.630s/iter  lr=9.94e-04  loss=0.000521
                                  K=1 (deploy)              K=3 (train)
  mean_violation   = 0.000123  ->  0.000023              0.000003
  illegal_pairs    = 0.75%      ->  0.36%                 0.12%
  viol_per_cloud   = 17.56       ->  8.44                  2.72
  viol_reduction   =                52.0%                    84.5%
  mean_nn_dist     = 0.095416  ->  0.101821              0.103189
  displacement     =                0.0060 (0.065x rd)   0.0096 (0.104x rd)
  correction_eff   =                0.0165 (56.0% ceil)         0.0123 (42.0% ceil)
2026-05-28 16:50:16 +00:06:25 -01:40:58 [INFO] iter=   600  0.644s/iter  lr=9.91e-04  loss=0.000424
                                  K=1 (deploy)              K=3 (train)
  mean_violation   = 0.000123  ->  0.000020              0.000002
  illegal_pairs    = 0.75%      ->  0.34%                 0.09%
  viol_per_cloud   = 17.56       ->  7.94                  2.12
  viol_reduction   =                54.8%                    87.9%
  mean_nn_dist     = 0.095416  ->  0.101981              0.103196
  displacement     =                0.0051 (0.055x rd)   0.0065 (0.070x rd)
  correction_eff   =                0.0202 (68.8% ceil)         0.0185 (62.9% ceil)
2026-05-28 16:51:19 +00:07:29 -01:37:49 [INFO] iter=   700  0.631s/iter  lr=9.88e-04  loss=0.000397
                                  K=1 (deploy)              K=3 (train)
  mean_violation   = 0.000123  ->  0.000021              0.000003
  illegal_pairs    = 0.75%      ->  0.46%                 0.15%
  viol_per_cloud   = 17.56       ->  10.84                  3.62
  viol_reduction   =                38.3%                    79.4%
  mean_nn_dist     = 0.095416  ->  0.101521              0.102563
  displacement     =                0.0048 (0.051x rd)   0.0063 (0.068x rd)
  correction_eff   =                0.0212 (71.9% ceil)         0.0188 (63.9% ceil)
2026-05-28 16:52:22 +00:08:31 -01:36:25 [INFO] iter=   800  0.629s/iter  lr=9.84e-04  loss=0.000390
                                  K=1 (deploy)              K=3 (train)
  mean_violation   = 0.000123  ->  0.000020              0.000003
  illegal_pairs    = 0.75%      ->  0.35%                 0.12%
  viol_per_cloud   = 17.56       ->  8.31                  2.78
  viol_reduction   =                52.7%                    84.2%
  mean_nn_dist     = 0.095416  ->  0.101842              0.103029
  displacement     =                0.0051 (0.055x rd)   0.0071 (0.077x rd)
  correction_eff   =                0.0202 (68.6% ceil)         0.0168 (57.1% ceil)
2026-05-28 16:53:26 +00:09:35 -01:36:08 [INFO] iter=   900  0.634s/iter  lr=9.80e-04  loss=0.000333
                                  K=1 (deploy)              K=3 (train)
  mean_violation   = 0.000123  ->  0.000015              0.000002
  illegal_pairs    = 0.75%      ->  0.28%                 0.07%
  viol_per_cloud   = 17.56       ->  6.53                  1.75
  viol_reduction   =                62.8%                    90.0%
  mean_nn_dist     = 0.095416  ->  0.102294              0.103354
  displacement     =                0.0049 (0.053x rd)   0.0057 (0.062x rd)
  correction_eff   =                0.0218 (74.1% ceil)         0.0209 (71.1% ceil)
2026-05-28 16:54:30 +00:10:40 -01:37:04 [INFO] iter=  1000  0.647s/iter  lr=9.76e-04  loss=0.000316
                                  K=1 (deploy)              K=3 (train)
  mean_violation   = 0.000123  ->  0.000014              0.000002
  illegal_pairs    = 0.75%      ->  0.32%                 0.09%
  viol_per_cloud   = 17.56       ->  7.41                  2.16
  viol_reduction   =                57.8%                    87.7%
  mean_nn_dist     = 0.095416  ->  0.102071              0.102946
  displacement     =                0.0050 (0.054x rd)   0.0063 (0.068x rd)
  correction_eff   =                0.0216 (73.5% ceil)         0.0190 (64.7% ceil)
2026-05-28 16:55:35 +00:11:45 -01:36:23 [INFO] iter=  1100  0.650s/iter  lr=9.70e-04  loss=0.000289
                                  K=1 (deploy)              K=3 (train)
  mean_violation   = 0.000123  ->  0.000013              0.000002
  illegal_pairs    = 0.75%      ->  0.27%                 0.07%
  viol_per_cloud   = 17.56       ->  6.25                  1.53
  viol_reduction   =                64.4%                    91.3%
  mean_nn_dist     = 0.095416  ->  0.102302              0.103153
  displacement     =                0.0049 (0.052x rd)   0.0055 (0.059x rd)
  correction_eff   =                0.0225 (76.6% ceil)         0.0219 (74.6% ceil)
2026-05-28 16:56:41 +00:12:51 -01:36:53 [INFO] iter=  1200  0.661s/iter  lr=9.65e-04  loss=0.000276
                                  K=1 (deploy)              K=3 (train)
  mean_violation   = 0.000123  ->  0.000017              0.000003
  illegal_pairs    = 0.75%      ->  0.46%                 0.18%
  viol_per_cloud   = 17.56       ->  10.75                  4.19
  viol_reduction   =                38.8%                    76.2%
  mean_nn_dist     = 0.095416  ->  0.101697              0.102583
  displacement     =                0.0045 (0.049x rd)   0.0056 (0.060x rd)
  correction_eff   =                0.0233 (79.1% ceil)         0.0214 (72.8% ceil)
2026-05-28 16:57:44 +00:13:54 -01:31:31 [INFO] iter=  1300  0.631s/iter  lr=9.59e-04  loss=0.000231
                                  K=1 (deploy)              K=3 (train)
  mean_violation   = 0.000123  ->  0.000010              0.000001
  illegal_pairs    = 0.75%      ->  0.27%                 0.07%
  viol_per_cloud   = 17.56       ->  6.25                  1.69
  viol_reduction   =                64.4%                    90.4%
  mean_nn_dist     = 0.095416  ->  0.102270              0.102942
  displacement     =                0.0050 (0.054x rd)   0.0062 (0.066x rd)
  correction_eff   =                0.0223 (75.9% ceil)         0.0197 (66.9% ceil)
2026-05-28 16:58:48 +00:14:57 -01:30:33 [INFO] iter=  1400  0.632s/iter  lr=9.52e-04  loss=0.000212
                                  K=1 (deploy)              K=3 (train)
  mean_violation   = 0.000123  ->  0.000010              0.000001
  illegal_pairs    = 0.75%      ->  0.25%                 0.07%
  viol_per_cloud   = 17.56       ->  5.88                  1.62
  viol_reduction   =                66.5%                    90.7%
  mean_nn_dist     = 0.095416  ->  0.102312              0.102939
  displacement     =                0.0048 (0.052x rd)   0.0056 (0.060x rd)
  correction_eff   =                0.0232 (78.9% ceil)         0.0217 (73.9% ceil)
2026-05-28 16:59:51 +00:16:00 -01:29:29 [INFO] iter=  1500  0.632s/iter  lr=9.46e-04  loss=0.000217
                                  K=1 (deploy)              K=3 (train)
  mean_violation   = 0.000123  ->  0.000010              0.000001
  illegal_pairs    = 0.75%      ->  0.26%                 0.07%
  viol_per_cloud   = 17.56       ->  6.19                  1.69
  viol_reduction   =                64.8%                    90.4%
  mean_nn_dist     = 0.095416  ->  0.102275              0.102894
  displacement     =                0.0049 (0.053x rd)   0.0055 (0.060x rd)
  correction_eff   =                0.0230 (78.2% ceil)         0.0219 (74.4% ceil)
2026-05-28 17:00:56 +00:17:05 -01:30:42 [INFO] iter=  1600  0.648s/iter  lr=9.38e-04  loss=0.000229
                                  K=1 (deploy)              K=3 (train)
  mean_violation   = 0.000123  ->  0.000010              0.000001
  illegal_pairs    = 0.75%      ->  0.25%                 0.05%
  viol_per_cloud   = 17.56       ->  5.75                  1.25
  viol_reduction   =                67.3%                    92.9%
  mean_nn_dist     = 0.095416  ->  0.102534              0.103251
  displacement     =                0.0052 (0.055x rd)   0.0059 (0.064x rd)
  correction_eff   =                0.0219 (74.3% ceil)         0.0205 (69.7% ceil)
2026-05-28 17:01:59 +00:18:08 -01:27:54 [INFO] iter=  1700  0.635s/iter  lr=9.30e-04  loss=0.000200
                                  K=1 (deploy)              K=3 (train)
  mean_violation   = 0.000123  ->  0.000009              0.000001
  illegal_pairs    = 0.75%      ->  0.24%                 0.06%
  viol_per_cloud   = 17.56       ->  5.59                  1.31
  viol_reduction   =                68.1%                    92.5%
  mean_nn_dist     = 0.095416  ->  0.102374              0.102973
  displacement     =                0.0048 (0.052x rd)   0.0056 (0.060x rd)
  correction_eff   =                0.0236 (80.3% ceil)         0.0216 (73.4% ceil)
2026-05-28 17:03:03 +00:19:12 -01:26:39 [INFO] iter=  1800  0.634s/iter  lr=9.22e-04  loss=0.000242
                                  K=1 (deploy)              K=3 (train)
  mean_violation   = 0.000123  ->  0.000009              0.000001
  illegal_pairs    = 0.75%      ->  0.21%                 0.05%
  viol_per_cloud   = 17.56       ->  4.94                  1.12
  viol_reduction   =                71.9%                    93.6%
  mean_nn_dist     = 0.095416  ->  0.102710              0.103416
  displacement     =                0.0051 (0.055x rd)   0.0057 (0.061x rd)
  correction_eff   =                0.0222 (75.6% ceil)         0.0214 (72.7% ceil)
2026-05-28 17:04:06 +00:20:15 -01:25:47 [INFO] iter=  1900  0.635s/iter  lr=9.14e-04  loss=0.000240
                                  K=1 (deploy)              K=3 (train)
  mean_violation   = 0.000123  ->  0.000009              0.000001
  illegal_pairs    = 0.75%      ->  0.22%                 0.05%
  viol_per_cloud   = 17.56       ->  5.06                  1.06
  viol_reduction   =                71.2%                    94.0%
  mean_nn_dist     = 0.095416  ->  0.103191              0.103997
  displacement     =                0.0057 (0.061x rd)   0.0064 (0.069x rd)
  correction_eff   =                0.0199 (67.5% ceil)         0.0190 (64.4% ceil)
2026-05-28 17:05:09 +00:21:18 -01:23:51 [INFO] iter=  2000  0.629s/iter  lr=9.05e-04  loss=0.000193
                                  K=1 (deploy)              K=3 (train)
  mean_violation   = 0.000123  ->  0.000009              0.000001
  illegal_pairs    = 0.75%      ->  0.29%                 0.07%
  viol_per_cloud   = 17.56       ->  6.75                  1.62
  viol_reduction   =                61.6%                    90.7%
  mean_nn_dist     = 0.095416  ->  0.102320              0.102924
  displacement     =                0.0047 (0.050x rd)   0.0053 (0.057x rd)
  correction_eff   =                0.0245 (83.1% ceil)         0.0230 (78.2% ceil)
2026-05-28 17:06:14 +00:22:23 -01:25:42 [INFO] iter=  2100  0.651s/iter  lr=8.95e-04  loss=0.000196
                                  K=1 (deploy)              K=3 (train)
  mean_violation   = 0.000123  ->  0.000009              0.000001
  illegal_pairs    = 0.75%      ->  0.30%                 0.08%
  viol_per_cloud   = 17.56       ->  7.09                  1.94
  viol_reduction   =                59.6%                    89.0%
  mean_nn_dist     = 0.095416  ->  0.102186              0.102814
  displacement     =                0.0045 (0.049x rd)   0.0051 (0.055x rd)
  correction_eff   =                0.0251 (85.2% ceil)         0.0238 (80.9% ceil)
2026-05-28 17:07:17 +00:23:26 -01:21:35 [INFO] iter=  2200  0.628s/iter  lr=8.85e-04  loss=0.000186
                                  K=1 (deploy)              K=3 (train)
  mean_violation   = 0.000123  ->  0.000011              0.000001
  illegal_pairs    = 0.75%      ->  0.44%                 0.16%
  viol_per_cloud   = 17.56       ->  10.28                  3.66
  viol_reduction   =                41.5%                    79.2%
  mean_nn_dist     = 0.095416  ->  0.101924              0.102612
  displacement     =                0.0043 (0.046x rd)   0.0050 (0.053x rd)
  correction_eff   =                0.0260 (88.6% ceil)         0.0244 (82.9% ceil)
2026-05-28 17:08:19 +00:24:29 -01:20:24 [INFO] iter=  2300  0.627s/iter  lr=8.75e-04  loss=0.000199
                                  K=1 (deploy)              K=3 (train)
  mean_violation   = 0.000123  ->  0.000009              0.000001
  illegal_pairs    = 0.75%      ->  0.25%                 0.06%
  viol_per_cloud   = 17.56       ->  5.91                  1.38
  viol_reduction   =                66.4%                    92.2%
  mean_nn_dist     = 0.095416  ->  0.102458              0.103147
  displacement     =                0.0049 (0.053x rd)   0.0056 (0.060x rd)
  correction_eff   =                0.0231 (78.4% ceil)         0.0218 (74.3% ceil)
2026-05-28 17:09:22 +00:25:32 -01:19:28 [INFO] iter=  2400  0.627s/iter  lr=8.65e-04  loss=0.000196
                                  K=1 (deploy)              K=3 (train)
  mean_violation   = 0.000123  ->  0.000009              0.000001
  illegal_pairs    = 0.75%      ->  0.25%                 0.07%
  viol_per_cloud   = 17.56       ->  5.91                  1.66
  viol_reduction   =                66.4%                    90.6%
  mean_nn_dist     = 0.095416  ->  0.102309              0.102867
  displacement     =                0.0047 (0.050x rd)   0.0051 (0.055x rd)
  correction_eff   =                0.0245 (83.2% ceil)         0.0236 (80.2% ceil)
2026-05-28 17:10:25 +00:26:34 -01:18:26 [INFO] iter=  2500  0.628s/iter  lr=8.54e-04  loss=0.000199
                                  K=1 (deploy)              K=3 (train)
  mean_violation   = 0.000123  ->  0.000009              0.000001
  illegal_pairs    = 0.75%      ->  0.27%                 0.08%
  viol_per_cloud   = 17.56       ->  6.28                  1.88
  viol_reduction   =                64.2%                    89.3%
  mean_nn_dist     = 0.095416  ->  0.102321              0.102897
  displacement     =                0.0048 (0.051x rd)   0.0055 (0.059x rd)
  correction_eff   =                0.0238 (81.0% ceil)         0.0222 (75.6% ceil)
2026-05-28 17:11:29 +00:27:38 -01:19:13 [INFO] iter=  2600  0.642s/iter  lr=8.42e-04  loss=0.000195
                                  K=1 (deploy)              K=3 (train)
  mean_violation   = 0.000123  ->  0.000008              0.000001
  illegal_pairs    = 0.75%      ->  0.23%                 0.05%
  viol_per_cloud   = 17.56       ->  5.28                  1.12
  viol_reduction   =                69.9%                    93.6%
  mean_nn_dist     = 0.095416  ->  0.102558              0.103135
  displacement     =                0.0048 (0.052x rd)   0.0053 (0.057x rd)
  correction_eff   =                0.0237 (80.6% ceil)         0.0230 (78.3% ceil)
2026-05-28 17:12:32 +00:28:41 -01:16:33 [INFO] iter=  2700  0.629s/iter  lr=8.31e-04  loss=0.000193
                                  K=1 (deploy)              K=3 (train)
  mean_violation   = 0.000123  ->  0.000009              0.000001
  illegal_pairs    = 0.75%      ->  0.21%                 0.06%
  viol_per_cloud   = 17.56       ->  4.97                  1.38
  viol_reduction   =                71.7%                    92.2%
  mean_nn_dist     = 0.095416  ->  0.102581              0.103221
  displacement     =                0.0049 (0.053x rd)   0.0053 (0.057x rd)
  correction_eff   =                0.0229 (77.9% ceil)         0.0228 (77.6% ceil)
2026-05-28 17:13:35 +00:29:44 -01:15:16 [INFO] iter=  2800  0.627s/iter  lr=8.19e-04  loss=0.000197
                                  K=1 (deploy)              K=3 (train)
  mean_violation   = 0.000123  ->  0.000010              0.000001
  illegal_pairs    = 0.75%      ->  0.39%                 0.09%
  viol_per_cloud   = 17.56       ->  9.19                  2.03
  viol_reduction   =                47.7%                    88.4%
  mean_nn_dist     = 0.095416  ->  0.102047              0.102694
  displacement     =                0.0044 (0.048x rd)   0.0052 (0.056x rd)
  correction_eff   =                0.0254 (86.5% ceil)         0.0234 (79.5% ceil)
2026-05-28 17:14:38 +00:30:47 -01:14:22 [INFO] iter=  2900  0.628s/iter  lr=8.07e-04  loss=0.000195
                                  K=1 (deploy)              K=3 (train)
  mean_violation   = 0.000123  ->  0.000008              0.000001
  illegal_pairs    = 0.75%      ->  0.25%                 0.09%
  viol_per_cloud   = 17.56       ->  5.97                  2.12
  viol_reduction   =                66.0%                    87.9%
  mean_nn_dist     = 0.095416  ->  0.102365              0.102895
  displacement     =                0.0047 (0.050x rd)   0.0051 (0.055x rd)
  correction_eff   =                0.0246 (83.6% ceil)         0.0237 (80.6% ceil)
2026-05-28 17:15:40 +00:31:50 -01:13:11 [INFO] iter=  3000  0.627s/iter  lr=7.94e-04  loss=0.000183
                                  K=1 (deploy)              K=3 (train)
  mean_violation   = 0.000123  ->  0.000009              0.000001
  illegal_pairs    = 0.75%      ->  0.29%                 0.09%
  viol_per_cloud   = 17.56       ->  6.72                  2.06
  viol_reduction   =                61.7%                    88.3%
  mean_nn_dist     = 0.095416  ->  0.102262              0.102804
  displacement     =                0.0045 (0.048x rd)   0.0048 (0.052x rd)
  correction_eff   =                0.0253 (86.1% ceil)         0.0251 (85.2% ceil)
2026-05-28 17:16:45 +00:32:54 -01:13:55 [INFO] iter=  3100  0.643s/iter  lr=7.81e-04  loss=0.000191
                                  K=1 (deploy)              K=3 (train)
  mean_violation   = 0.000123  ->  0.000008              0.000001
  illegal_pairs    = 0.75%      ->  0.24%                 0.08%
  viol_per_cloud   = 17.56       ->  5.62                  1.78
  viol_reduction   =                68.0%                    89.9%
  mean_nn_dist     = 0.095416  ->  0.102353              0.102886
  displacement     =                0.0047 (0.050x rd)   0.0052 (0.056x rd)
  correction_eff   =                0.0244 (83.1% ceil)         0.0233 (79.4% ceil)
2026-05-28 17:17:47 +00:33:57 -01:11:07 [INFO] iter=  3200  0.628s/iter  lr=7.68e-04  loss=0.000214
                                  K=1 (deploy)              K=3 (train)
  mean_violation   = 0.000123  ->  0.000008              0.000001
  illegal_pairs    = 0.75%      ->  0.22%                 0.05%
  viol_per_cloud   = 17.56       ->  5.19                  1.19
  viol_reduction   =                70.5%                    93.2%
  mean_nn_dist     = 0.095416  ->  0.102656              0.103262
  displacement     =                0.0050 (0.054x rd)   0.0055 (0.059x rd)
  correction_eff   =                0.0227 (77.2% ceil)         0.0220 (74.9% ceil)
2026-05-28 17:18:50 +00:35:00 -01:10:06 [INFO] iter=  3300  0.628s/iter  lr=7.55e-04  loss=0.000188
                                  K=1 (deploy)              K=3 (train)
  mean_violation   = 0.000123  ->  0.000009              0.000001
  illegal_pairs    = 0.75%      ->  0.30%                 0.10%
  viol_per_cloud   = 17.56       ->  7.12                  2.28
  viol_reduction   =                59.4%                    87.0%
  mean_nn_dist     = 0.095416  ->  0.102189              0.102751
  displacement     =                0.0045 (0.048x rd)   0.0050 (0.053x rd)
  correction_eff   =                0.0253 (86.1% ceil)         0.0244 (82.9% ceil)
2026-05-28 17:19:53 +00:36:03 -01:09:15 [INFO] iter=  3400  0.630s/iter  lr=7.41e-04  loss=0.000186
                                  K=1 (deploy)              K=3 (train)
  mean_violation   = 0.000123  ->  0.000008              0.000001
  illegal_pairs    = 0.75%      ->  0.24%                 0.07%
  viol_per_cloud   = 17.56       ->  5.66                  1.72
  viol_reduction   =                67.8%                    90.2%
  mean_nn_dist     = 0.095416  ->  0.102432              0.102950
  displacement     =                0.0047 (0.050x rd)   0.0051 (0.054x rd)
  correction_eff   =                0.0244 (82.9% ceil)         0.0240 (81.7% ceil)
2026-05-28 17:20:56 +00:37:05 -01:07:55 [INFO] iter=  3500  0.627s/iter  lr=7.27e-04  loss=0.000191
                                  K=1 (deploy)              K=3 (train)
  mean_violation   = 0.000123  ->  0.000008              0.000001
  illegal_pairs    = 0.75%      ->  0.21%                 0.05%
  viol_per_cloud   = 17.56       ->  4.94                  1.12
  viol_reduction   =                71.9%                    93.6%
  mean_nn_dist     = 0.095416  ->  0.102799              0.103468
  displacement     =                0.0052 (0.056x rd)   0.0056 (0.061x rd)
  correction_eff   =                0.0221 (75.0% ceil)         0.0215 (73.2% ceil)
2026-05-28 17:22:00 +00:38:09 -01:08:32 [INFO] iter=  3600  0.643s/iter  lr=7.13e-04  loss=0.000188
                                  K=1 (deploy)              K=3 (train)
  mean_violation   = 0.000123  ->  0.000008              0.000001
  illegal_pairs    = 0.75%      ->  0.29%                 0.09%
  viol_per_cloud   = 17.56       ->  6.88                  2.09
  viol_reduction   =                60.9%                    88.1%
  mean_nn_dist     = 0.095416  ->  0.102205              0.102738
  displacement     =                0.0045 (0.048x rd)   0.0049 (0.053x rd)
  correction_eff   =                0.0254 (86.4% ceil)         0.0246 (83.5% ceil)
2026-05-28 17:23:03 +00:39:12 -01:05:49 [INFO] iter=  3700  0.627s/iter  lr=6.99e-04  loss=0.000193
                                  K=1 (deploy)              K=3 (train)
  mean_violation   = 0.000123  ->  0.000008              0.000001
  illegal_pairs    = 0.75%      ->  0.28%                 0.09%
  viol_per_cloud   = 17.56       ->  6.47                  2.00
  viol_reduction   =                63.2%                    88.6%
  mean_nn_dist     = 0.095416  ->  0.102252              0.102839
  displacement     =                0.0045 (0.049x rd)   0.0050 (0.053x rd)
  correction_eff   =                0.0252 (85.7% ceil)         0.0244 (83.0% ceil)
2026-05-28 17:24:06 +00:40:15 -01:04:48 [INFO] iter=  3800  0.627s/iter  lr=6.84e-04  loss=0.000189
                                  K=1 (deploy)              K=3 (train)
  mean_violation   = 0.000123  ->  0.000008              0.000001
  illegal_pairs    = 0.75%      ->  0.26%                 0.08%
  viol_per_cloud   = 17.56       ->  6.12                  1.94
  viol_reduction   =                65.1%                    89.0%
  mean_nn_dist     = 0.095416  ->  0.102299              0.102808
  displacement     =                0.0045 (0.049x rd)   0.0048 (0.052x rd)
  correction_eff   =                0.0253 (86.1% ceil)         0.0253 (85.9% ceil)
2026-05-28 17:25:08 +00:41:17 -01:03:39 [INFO] iter=  3900  0.626s/iter  lr=6.70e-04  loss=0.000192
                                  K=1 (deploy)              K=3 (train)
  mean_violation   = 0.000123  ->  0.000009              0.000001
  illegal_pairs    = 0.75%      ->  0.32%                 0.10%
  viol_per_cloud   = 17.56       ->  7.59                  2.34
  viol_reduction   =                56.8%                    86.7%
  mean_nn_dist     = 0.095416  ->  0.102201              0.102807
  displacement     =                0.0045 (0.048x rd)   0.0050 (0.054x rd)
  correction_eff   =                0.0253 (86.0% ceil)         0.0243 (82.6% ceil)
2026-05-28 17:26:11 +00:42:20 -01:02:53 [INFO] iter=  4000  0.629s/iter  lr=6.55e-04  loss=0.000187
                                  K=1 (deploy)              K=3 (train)
  mean_violation   = 0.000123  ->  0.000008              0.000001
  illegal_pairs    = 0.75%      ->  0.27%                 0.08%
  viol_per_cloud   = 17.56       ->  6.31                  1.97
  viol_reduction   =                64.1%                    88.8%
  mean_nn_dist     = 0.095416  ->  0.102253              0.102777
  displacement     =                0.0046 (0.049x rd)   0.0050 (0.054x rd)
  correction_eff   =                0.0249 (84.8% ceil)         0.0240 (81.7% ceil)
2026-05-28 17:27:16 +00:43:25 -01:03:24 [INFO] iter=  4100  0.645s/iter  lr=6.40e-04  loss=0.000193
                                  K=1 (deploy)              K=3 (train)
  mean_violation   = 0.000123  ->  0.000008              0.000001
  illegal_pairs    = 0.75%      ->  0.28%                 0.09%
  viol_per_cloud   = 17.56       ->  6.62                  2.03
  viol_reduction   =                62.3%                    88.4%
  mean_nn_dist     = 0.095416  ->  0.102233              0.102796
  displacement     =                0.0045 (0.049x rd)   0.0050 (0.054x rd)
  correction_eff   =                0.0252 (85.6% ceil)         0.0242 (82.4% ceil)
2026-05-28 17:28:19 +00:44:28 -01:01:13 [INFO] iter=  4200  0.633s/iter  lr=6.25e-04  loss=0.000188
                                  K=1 (deploy)              K=3 (train)
  mean_violation   = 0.000123  ->  0.000008              0.000001
  illegal_pairs    = 0.75%      ->  0.26%                 0.07%
  viol_per_cloud   = 17.56       ->  6.03                  1.66
  viol_reduction   =                65.7%                    90.6%
  mean_nn_dist     = 0.095416  ->  0.102369              0.102941
  displacement     =                0.0047 (0.050x rd)   0.0050 (0.054x rd)
  correction_eff   =                0.0243 (82.6% ceil)         0.0241 (81.9% ceil)
2026-05-28 17:29:24 +00:45:34 -01:02:02 [INFO] iter=  4300  0.653s/iter  lr=6.09e-04  loss=0.000186
                                  K=1 (deploy)              K=3 (train)
  mean_violation   = 0.000123  ->  0.000008              0.000001
  illegal_pairs    = 0.75%      ->  0.21%                 0.06%
  viol_per_cloud   = 17.56       ->  4.94                  1.50
  viol_reduction   =                71.9%                    91.5%
  mean_nn_dist     = 0.095416  ->  0.102544              0.103097
  displacement     =                0.0048 (0.052x rd)   0.0052 (0.056x rd)
  correction_eff   =                0.0237 (80.6% ceil)         0.0235 (79.8% ceil)
2026-05-28 17:30:28 +00:46:38 -00:59:48 [INFO] iter=  4400  0.641s/iter  lr=5.94e-04  loss=0.000196
                                  K=1 (deploy)              K=3 (train)
  mean_violation   = 0.000123  ->  0.000008              0.000001
  illegal_pairs    = 0.75%      ->  0.21%                 0.06%
  viol_per_cloud   = 17.56       ->  4.94                  1.41
  viol_reduction   =                71.9%                    92.0%
  mean_nn_dist     = 0.095416  ->  0.102560              0.103134
  displacement     =                0.0048 (0.052x rd)   0.0051 (0.055x rd)
  correction_eff   =                0.0237 (80.7% ceil)         0.0236 (80.3% ceil)
2026-05-28 17:31:32 +00:47:41 -00:57:59 [INFO] iter=  4500  0.633s/iter  lr=5.79e-04  loss=0.000199
                                  K=1 (deploy)              K=3 (train)
  mean_violation   = 0.000123  ->  0.000008              0.000001
  illegal_pairs    = 0.75%      ->  0.21%                 0.07%
  viol_per_cloud   = 17.56       ->  4.88                  1.62
  viol_reduction   =                72.2%                    90.7%
  mean_nn_dist     = 0.095416  ->  0.102420              0.102915
  displacement     =                0.0047 (0.050x rd)   0.0050 (0.053x rd)
  correction_eff   =                0.0246 (83.5% ceil)         0.0244 (83.1% ceil)
2026-05-28 17:32:40 +00:48:50 -01:01:48 [INFO] iter=  4600  0.687s/iter  lr=5.63e-04  loss=0.000188
                                  K=1 (deploy)              K=3 (train)
  mean_violation   = 0.000123  ->  0.000008              0.000001
  illegal_pairs    = 0.75%      ->  0.24%                 0.09%
  viol_per_cloud   = 17.56       ->  5.72                  2.16
  viol_reduction   =                67.4%                    87.7%
  mean_nn_dist     = 0.095416  ->  0.102267              0.102769
  displacement     =                0.0045 (0.048x rd)   0.0048 (0.051x rd)
  correction_eff   =                0.0254 (86.3% ceil)         0.0253 (86.1% ceil)
2026-05-28 17:33:45 +00:49:55 -00:57:27 [INFO] iter=  4700  0.651s/iter  lr=5.48e-04  loss=0.000185
                                  K=1 (deploy)              K=3 (train)
  mean_violation   = 0.000123  ->  0.000008              0.000001
  illegal_pairs    = 0.75%      ->  0.23%                 0.09%
  viol_per_cloud   = 17.56       ->  5.47                  2.00
  viol_reduction   =                68.9%                    88.6%
  mean_nn_dist     = 0.095416  ->  0.102312              0.102844
  displacement     =                0.0046 (0.049x rd)   0.0049 (0.053x rd)
  correction_eff   =                0.0248 (84.4% ceil)         0.0246 (83.8% ceil)
2026-05-28 17:34:48 +00:50:58 -00:54:40 [INFO] iter=  4800  0.631s/iter  lr=5.32e-04  loss=0.000187
                                  K=1 (deploy)              K=3 (train)
  mean_violation   = 0.000123  ->  0.000008              0.000001
  illegal_pairs    = 0.75%      ->  0.26%                 0.08%
  viol_per_cloud   = 17.56       ->  6.16                  1.88
  viol_reduction   =                64.9%                    89.3%
  mean_nn_dist     = 0.095416  ->  0.102274              0.102824
  displacement     =                0.0046 (0.049x rd)   0.0050 (0.053x rd)
  correction_eff   =                0.0250 (84.9% ceil)         0.0244 (83.1% ceil)
2026-05-28 17:35:51 +00:52:00 -00:53:23 [INFO] iter=  4900  0.628s/iter  lr=5.16e-04  loss=0.000187
                                  K=1 (deploy)              K=3 (train)
  mean_violation   = 0.000123  ->  0.000008              0.000001
  illegal_pairs    = 0.75%      ->  0.27%                 0.09%
  viol_per_cloud   = 17.56       ->  6.28                  2.00
  viol_reduction   =                64.2%                    88.6%
  mean_nn_dist     = 0.095416  ->  0.102220              0.102769
  displacement     =                0.0045 (0.048x rd)   0.0048 (0.052x rd)
  correction_eff   =                0.0254 (86.5% ceil)         0.0250 (85.1% ceil)
2026-05-28 17:36:54 +00:53:03 -00:52:28 [INFO] iter=  5000  0.630s/iter  lr=5.01e-04  loss=0.000188
                                  K=1 (deploy)              K=3 (train)
  mean_violation   = 0.000123  ->  0.000008              0.000001
  illegal_pairs    = 0.75%      ->  0.29%                 0.09%
  viol_per_cloud   = 17.56       ->  6.81                  2.19
  viol_reduction   =                61.2%                    87.5%
  mean_nn_dist     = 0.095416  ->  0.102195              0.102740
  displacement     =                0.0044 (0.048x rd)   0.0048 (0.051x rd)
  correction_eff   =                0.0257 (87.4% ceil)         0.0253 (86.0% ceil)
2026-05-28 17:37:59 +00:54:08 -00:52:52 [INFO] iter=  5100  0.648s/iter  lr=4.85e-04  loss=0.000193
                                  K=1 (deploy)              K=3 (train)
  mean_violation   = 0.000123  ->  0.000008              0.000001
  illegal_pairs    = 0.75%      ->  0.22%                 0.06%
  viol_per_cloud   = 17.56       ->  5.22                  1.41
  viol_reduction   =                70.3%                    92.0%
  mean_nn_dist     = 0.095416  ->  0.102483              0.103065
  displacement     =                0.0047 (0.051x rd)   0.0050 (0.054x rd)
  correction_eff   =                0.0240 (81.7% ceil)         0.0241 (82.1% ceil)
2026-05-28 17:39:02 +00:55:11 -00:50:16 [INFO] iter=  5200  0.629s/iter  lr=4.69e-04  loss=0.000189
                                  K=1 (deploy)              K=3 (train)
  mean_violation   = 0.000123  ->  0.000008              0.000001
  illegal_pairs    = 0.75%      ->  0.27%                 0.09%
  viol_per_cloud   = 17.56       ->  6.31                  2.06
  viol_reduction   =                64.1%                    88.3%
  mean_nn_dist     = 0.095416  ->  0.102262              0.102796
  displacement     =                0.0045 (0.049x rd)   0.0049 (0.053x rd)
  correction_eff   =                0.0251 (85.5% ceil)         0.0247 (83.8% ceil)
2026-05-28 17:40:05 +00:56:14 -00:49:17 [INFO] iter=  5300  0.629s/iter  lr=4.53e-04  loss=0.000191
                                  K=1 (deploy)              K=3 (train)
  mean_violation   = 0.000123  ->  0.000008              0.000001
  illegal_pairs    = 0.75%      ->  0.27%                 0.08%
  viol_per_cloud   = 17.56       ->  6.31                  1.78
  viol_reduction   =                64.1%                    89.9%
  mean_nn_dist     = 0.095416  ->  0.102260              0.102832
  displacement     =                0.0046 (0.049x rd)   0.0049 (0.053x rd)
  correction_eff   =                0.0251 (85.2% ceil)         0.0246 (83.7% ceil)
2026-05-28 17:41:08 +00:57:17 -00:48:16 [INFO] iter=  5400  0.630s/iter  lr=4.38e-04  loss=0.000190
                                  K=1 (deploy)              K=3 (train)
  mean_violation   = 0.000123  ->  0.000008              0.000001
  illegal_pairs    = 0.75%      ->  0.24%                 0.09%
  viol_per_cloud   = 17.56       ->  5.56                  2.00
  viol_reduction   =                68.3%                    88.6%
  mean_nn_dist     = 0.095416  ->  0.102264              0.102766
  displacement     =                0.0045 (0.049x rd)   0.0049 (0.052x rd)
  correction_eff   =                0.0253 (86.1% ceil)         0.0249 (84.8% ceil)
2026-05-28 17:42:11 +00:58:20 -00:47:13 [INFO] iter=  5500  0.630s/iter  lr=4.22e-04  loss=0.000186
                                  K=1 (deploy)              K=3 (train)
  mean_violation   = 0.000123  ->  0.000008              0.000001
  illegal_pairs    = 0.75%      ->  0.29%                 0.09%
  viol_per_cloud   = 17.56       ->  6.72                  2.06
  viol_reduction   =                61.7%                    88.3%
  mean_nn_dist     = 0.095416  ->  0.102183              0.102726
  displacement     =                0.0045 (0.048x rd)   0.0048 (0.052x rd)
  correction_eff   =                0.0256 (87.2% ceil)         0.0251 (85.4% ceil)
2026-05-28 17:43:20 +00:59:29 -00:50:32 [INFO] iter=  5600  0.689s/iter  lr=4.07e-04  loss=0.000192
                                  K=1 (deploy)              K=3 (train)
  mean_violation   = 0.000123  ->  0.000008              0.000001
  illegal_pairs    = 0.75%      ->  0.29%                 0.10%
  viol_per_cloud   = 17.56       ->  6.72                  2.28
  viol_reduction   =                61.7%                    87.0%
  mean_nn_dist     = 0.095416  ->  0.102195              0.102737
  displacement     =                0.0045 (0.048x rd)   0.0048 (0.052x rd)
  correction_eff   =                0.0255 (86.9% ceil)         0.0250 (85.1% ceil)
2026-05-28 17:44:25 +01:00:34 -00:46:58 [INFO] iter=  5700  0.655s/iter  lr=3.92e-04  loss=0.000191
                                  K=1 (deploy)              K=3 (train)
  mean_violation   = 0.000123  ->  0.000008              0.000001
  illegal_pairs    = 0.75%      ->  0.22%                 0.08%
  viol_per_cloud   = 17.56       ->  5.16                  1.97
  viol_reduction   =                70.6%                    88.8%
  mean_nn_dist     = 0.095416  ->  0.102309              0.102803
  displacement     =                0.0046 (0.050x rd)   0.0050 (0.054x rd)
  correction_eff   =                0.0247 (84.0% ceil)         0.0241 (81.9% ceil)
2026-05-28 17:45:29 +01:01:38 -00:44:34 [INFO] iter=  5800  0.637s/iter  lr=3.76e-04  loss=0.000186
                                  K=1 (deploy)              K=3 (train)
  mean_violation   = 0.000123  ->  0.000008              0.000001
  illegal_pairs    = 0.75%      ->  0.21%                 0.07%
  viol_per_cloud   = 17.56       ->  4.88                  1.66
  viol_reduction   =                72.2%                    90.6%
  mean_nn_dist     = 0.095416  ->  0.102408              0.102909
  displacement     =                0.0046 (0.050x rd)   0.0049 (0.053x rd)
  correction_eff   =                0.0247 (83.9% ceil)         0.0245 (83.4% ceil)
2026-05-28 17:46:31 +01:02:41 -00:42:49 [INFO] iter=  5900  0.627s/iter  lr=3.61e-04  loss=0.000198
                                  K=1 (deploy)              K=3 (train)
  mean_violation   = 0.000123  ->  0.000008              0.000001
  illegal_pairs    = 0.75%      ->  0.21%                 0.07%
  viol_per_cloud   = 17.56       ->  4.91                  1.72
  viol_reduction   =                72.1%                    90.2%
  mean_nn_dist     = 0.095416  ->  0.102408              0.102916
  displacement     =                0.0046 (0.050x rd)   0.0049 (0.053x rd)
  correction_eff   =                0.0247 (84.0% ceil)         0.0247 (84.1% ceil)
2026-05-28 17:47:34 +01:03:43 -00:41:47 [INFO] iter=  6000  0.627s/iter  lr=3.46e-04  loss=0.000190
                                  K=1 (deploy)              K=3 (train)
  mean_violation   = 0.000123  ->  0.000008              0.000001
  illegal_pairs    = 0.75%      ->  0.30%                 0.08%
  viol_per_cloud   = 17.56       ->  7.12                  1.94
  viol_reduction   =                59.4%                    89.0%
  mean_nn_dist     = 0.095416  ->  0.102177              0.102728
  displacement     =                0.0045 (0.048x rd)   0.0049 (0.052x rd)
  correction_eff   =                0.0256 (87.0% ceil)         0.0250 (85.0% ceil)
2026-05-28 17:48:41 +01:04:50 -00:43:25 [INFO] iter=  6100  0.668s/iter  lr=3.31e-04  loss=0.000189
                                  K=1 (deploy)              K=3 (train)
  mean_violation   = 0.000123  ->  0.000008              0.000001
  illegal_pairs    = 0.75%      ->  0.31%                 0.09%
  viol_per_cloud   = 17.56       ->  7.22                  2.12
  viol_reduction   =                58.9%                    87.9%
  mean_nn_dist     = 0.095416  ->  0.102176              0.102729
  displacement     =                0.0045 (0.048x rd)   0.0048 (0.052x rd)
  correction_eff   =                0.0256 (87.0% ceil)         0.0251 (85.2% ceil)
2026-05-28 17:49:44 +01:05:53 -00:40:03 [INFO] iter=  6200  0.632s/iter  lr=3.17e-04  loss=0.000189
                                  K=1 (deploy)              K=3 (train)
  mean_violation   = 0.000123  ->  0.000008              0.000001
  illegal_pairs    = 0.75%      ->  0.22%                 0.07%
  viol_per_cloud   = 17.56       ->  5.12                  1.72
  viol_reduction   =                70.8%                    90.2%
  mean_nn_dist     = 0.095416  ->  0.102373              0.102881
  displacement     =                0.0046 (0.050x rd)   0.0049 (0.053x rd)
  correction_eff   =                0.0247 (84.0% ceil)         0.0247 (83.9% ceil)
2026-05-28 17:50:49 +01:06:59 -00:40:06 [INFO] iter=  6300  0.650s/iter  lr=3.02e-04  loss=0.000187
                                  K=1 (deploy)              K=3 (train)
  mean_violation   = 0.000123  ->  0.000008              0.000001
  illegal_pairs    = 0.75%      ->  0.25%                 0.08%
  viol_per_cloud   = 17.56       ->  5.84                  1.91
  viol_reduction   =                66.7%                    89.1%
  mean_nn_dist     = 0.095416  ->  0.102234              0.102738
  displacement     =                0.0045 (0.049x rd)   0.0049 (0.052x rd)
  correction_eff   =                0.0253 (86.1% ceil)         0.0249 (84.5% ceil)
2026-05-28 17:51:52 +01:08:01 -00:37:47 [INFO] iter=  6400  0.630s/iter  lr=2.88e-04  loss=0.000189
                                  K=1 (deploy)              K=3 (train)
  mean_violation   = 0.000123  ->  0.000008              0.000001
  illegal_pairs    = 0.75%      ->  0.22%                 0.07%
  viol_per_cloud   = 17.56       ->  5.16                  1.72
  viol_reduction   =                70.6%                    90.2%
  mean_nn_dist     = 0.095416  ->  0.102300              0.102794
  displacement     =                0.0046 (0.049x rd)   0.0049 (0.053x rd)
  correction_eff   =                0.0251 (85.2% ceil)         0.0247 (84.1% ceil)
2026-05-28 17:52:57 +01:09:06 -00:37:34 [INFO] iter=  6500  0.644s/iter  lr=2.74e-04  loss=0.000191
                                  K=1 (deploy)              K=3 (train)
  mean_violation   = 0.000123  ->  0.000008              0.000001
  illegal_pairs    = 0.75%      ->  0.21%                 0.09%
  viol_per_cloud   = 17.56       ->  5.03                  2.09
  viol_reduction   =                71.4%                    88.1%
  mean_nn_dist     = 0.095416  ->  0.102271              0.102753
  displacement     =                0.0046 (0.049x rd)   0.0050 (0.054x rd)
  correction_eff   =                0.0250 (84.9% ceil)         0.0243 (82.7% ceil)
2026-05-28 17:54:02 +01:10:12 -00:37:18 [INFO] iter=  6600  0.658s/iter  lr=2.60e-04  loss=0.000194
                                  K=1 (deploy)              K=3 (train)
  mean_violation   = 0.000123  ->  0.000008              0.000001
  illegal_pairs    = 0.75%      ->  0.23%                 0.08%
  viol_per_cloud   = 17.56       ->  5.34                  1.97
  viol_reduction   =                69.6%                    88.8%
  mean_nn_dist     = 0.095416  ->  0.102282              0.102783
  displacement     =                0.0045 (0.049x rd)   0.0048 (0.052x rd)
  correction_eff   =                0.0253 (85.9% ceil)         0.0252 (85.6% ceil)
2026-05-28 17:55:06 +01:11:15 -00:34:57 [INFO] iter=  6700  0.636s/iter  lr=2.46e-04  loss=0.000190
                                  K=1 (deploy)              K=3 (train)
  mean_violation   = 0.000123  ->  0.000008              0.000001
  illegal_pairs    = 0.75%      ->  0.21%                 0.07%
  viol_per_cloud   = 17.56       ->  4.88                  1.62
  viol_reduction   =                72.2%                    90.7%
  mean_nn_dist     = 0.095416  ->  0.102394              0.102898
  displacement     =                0.0047 (0.050x rd)   0.0050 (0.054x rd)
  correction_eff   =                0.0245 (83.3% ceil)         0.0243 (82.6% ceil)
2026-05-28 17:56:09 +01:12:18 -00:33:42 [INFO] iter=  6800  0.632s/iter  lr=2.33e-04  loss=0.000188
                                  K=1 (deploy)              K=3 (train)
  mean_violation   = 0.000123  ->  0.000008              0.000001
  illegal_pairs    = 0.75%      ->  0.23%                 0.08%
  viol_per_cloud   = 17.56       ->  5.28                  1.97
  viol_reduction   =                69.9%                    88.8%
  mean_nn_dist     = 0.095416  ->  0.102307              0.102798
  displacement     =                0.0046 (0.049x rd)   0.0048 (0.052x rd)
  correction_eff   =                0.0252 (85.5% ceil)         0.0250 (85.0% ceil)
2026-05-28 17:57:17 +01:13:26 -00:34:45 [INFO] iter=  6900  0.673s/iter  lr=2.20e-04  loss=0.000187
                                  K=1 (deploy)              K=3 (train)
  mean_violation   = 0.000123  ->  0.000008              0.000001
  illegal_pairs    = 0.75%      ->  0.24%                 0.09%
  viol_per_cloud   = 17.56       ->  5.53                  2.09
  viol_reduction   =                68.5%                    88.1%
  mean_nn_dist     = 0.095416  ->  0.102241              0.102727
  displacement     =                0.0045 (0.049x rd)   0.0048 (0.052x rd)
  correction_eff   =                0.0253 (86.2% ceil)         0.0251 (85.4% ceil)
2026-05-28 17:58:25 +01:14:34 -00:34:08 [INFO] iter=  7000  0.683s/iter  lr=2.07e-04  loss=0.000193
                                  K=1 (deploy)              K=3 (train)
  mean_violation   = 0.000123  ->  0.000008              0.000001
  illegal_pairs    = 0.75%      ->  0.20%                 0.08%
  viol_per_cloud   = 17.56       ->  4.78                  1.91
  viol_reduction   =                72.8%                    89.1%
  mean_nn_dist     = 0.095416  ->  0.102332              0.102810
  displacement     =                0.0046 (0.049x rd)   0.0049 (0.052x rd)
  correction_eff   =                0.0250 (85.0% ceil)         0.0249 (84.6% ceil)
2026-05-28 17:59:36 +01:15:45 -00:34:28 [INFO] iter=  7100  0.713s/iter  lr=1.94e-04  loss=0.000188
                                  K=1 (deploy)              K=3 (train)
  mean_violation   = 0.000123  ->  0.000008              0.000001
  illegal_pairs    = 0.75%      ->  0.25%                 0.09%
  viol_per_cloud   = 17.56       ->  5.91                  2.09
  viol_reduction   =                66.4%                    88.1%
  mean_nn_dist     = 0.095416  ->  0.102244              0.102734
  displacement     =                0.0045 (0.048x rd)   0.0048 (0.051x rd)
  correction_eff   =                0.0254 (86.5% ceil)         0.0253 (86.0% ceil)
2026-05-28 18:00:45 +01:16:55 -00:32:15 [INFO] iter=  7200  0.691s/iter  lr=1.82e-04  loss=0.000189
                                  K=1 (deploy)              K=3 (train)
  mean_violation   = 0.000123  ->  0.000008              0.000001
  illegal_pairs    = 0.75%      ->  0.25%                 0.08%
  viol_per_cloud   = 17.56       ->  5.88                  1.94
  viol_reduction   =                66.5%                    89.0%
  mean_nn_dist     = 0.095416  ->  0.102226              0.102723
  displacement     =                0.0045 (0.048x rd)   0.0048 (0.051x rd)
  correction_eff   =                0.0255 (86.8% ceil)         0.0254 (86.4% ceil)
2026-05-28 18:01:54 +01:18:03 -00:31:00 [INFO] iter=  7300  0.689s/iter  lr=1.70e-04  loss=0.000188
                                  K=1 (deploy)              K=3 (train)
  mean_violation   = 0.000123  ->  0.000008              0.000001
  illegal_pairs    = 0.75%      ->  0.28%                 0.09%
  viol_per_cloud   = 17.56       ->  6.62                  2.12
  viol_reduction   =                62.3%                    87.9%
  mean_nn_dist     = 0.095416  ->  0.102196              0.102709
  displacement     =                0.0045 (0.048x rd)   0.0047 (0.051x rd)
  correction_eff   =                0.0257 (87.3% ceil)         0.0255 (86.8% ceil)
2026-05-28 18:03:03 +01:19:12 -00:29:39 [INFO] iter=  7400  0.684s/iter  lr=1.59e-04  loss=0.000189
                                  K=1 (deploy)              K=3 (train)
  mean_violation   = 0.000123  ->  0.000008              0.000001
  illegal_pairs    = 0.75%      ->  0.25%                 0.08%
  viol_per_cloud   = 17.56       ->  5.81                  1.81
  viol_reduction   =                66.9%                    89.7%
  mean_nn_dist     = 0.095416  ->  0.102241              0.102725
  displacement     =                0.0045 (0.048x rd)   0.0048 (0.051x rd)
  correction_eff   =                0.0255 (86.6% ceil)         0.0254 (86.2% ceil)
2026-05-28 18:04:11 +01:20:21 -00:28:39 [INFO] iter=  7500  0.688s/iter  lr=1.47e-04  loss=0.000187
                                  K=1 (deploy)              K=3 (train)
  mean_violation   = 0.000123  ->  0.000008              0.000001
  illegal_pairs    = 0.75%      ->  0.28%                 0.08%
  viol_per_cloud   = 17.56       ->  6.56                  1.97
  viol_reduction   =                62.6%                    88.8%
  mean_nn_dist     = 0.095416  ->  0.102202              0.102713
  displacement     =                0.0045 (0.048x rd)   0.0047 (0.051x rd)
  correction_eff   =                0.0257 (87.2% ceil)         0.0255 (86.8% ceil)
2026-05-28 18:05:23 +01:21:32 -00:28:29 [INFO] iter=  7600  0.712s/iter  lr=1.36e-04  loss=0.000191
                                  K=1 (deploy)              K=3 (train)
  mean_violation   = 0.000123  ->  0.000008              0.000001
  illegal_pairs    = 0.75%      ->  0.28%                 0.09%
  viol_per_cloud   = 17.56       ->  6.47                  2.00
  viol_reduction   =                63.2%                    88.6%
  mean_nn_dist     = 0.095416  ->  0.102200              0.102712
  displacement     =                0.0045 (0.048x rd)   0.0048 (0.051x rd)
  correction_eff   =                0.0256 (87.2% ceil)         0.0255 (86.7% ceil)
2026-05-28 18:06:31 +01:22:41 -00:26:23 [INFO] iter=  7700  0.688s/iter  lr=1.26e-04  loss=0.000187
                                  K=1 (deploy)              K=3 (train)
  mean_violation   = 0.000123  ->  0.000008              0.000001
  illegal_pairs    = 0.75%      ->  0.24%                 0.07%
  viol_per_cloud   = 17.56       ->  5.69                  1.75
  viol_reduction   =                67.6%                    90.0%
  mean_nn_dist     = 0.095416  ->  0.102238              0.102712
  displacement     =                0.0045 (0.048x rd)   0.0048 (0.051x rd)
  correction_eff   =                0.0255 (86.6% ceil)         0.0254 (86.4% ceil)
2026-05-28 18:07:40 +01:23:49 -00:25:12 [INFO] iter=  7800  0.688s/iter  lr=1.16e-04  loss=0.000187
                                  K=1 (deploy)              K=3 (train)
  mean_violation   = 0.000123  ->  0.000008              0.000001
  illegal_pairs    = 0.75%      ->  0.23%                 0.08%
  viol_per_cloud   = 17.56       ->  5.50                  1.94
  viol_reduction   =                68.7%                    89.0%
  mean_nn_dist     = 0.095416  ->  0.102242              0.102727
  displacement     =                0.0045 (0.048x rd)   0.0048 (0.051x rd)
  correction_eff   =                0.0255 (86.6% ceil)         0.0254 (86.4% ceil)
2026-05-28 18:08:49 +01:24:58 -00:23:57 [INFO] iter=  7900  0.685s/iter  lr=1.06e-04  loss=0.000188
                                  K=1 (deploy)              K=3 (train)
  mean_violation   = 0.000123  ->  0.000008              0.000001
  illegal_pairs    = 0.75%      ->  0.26%                 0.08%
  viol_per_cloud   = 17.56       ->  6.00                  1.91
  viol_reduction   =                65.8%                    89.1%
  mean_nn_dist     = 0.095416  ->  0.102223              0.102704
  displacement     =                0.0045 (0.048x rd)   0.0047 (0.051x rd)
  correction_eff   =                0.0256 (86.9% ceil)         0.0256 (86.9% ceil)
2026-05-28 18:09:57 +01:26:06 -00:22:49 [INFO] iter=  8000  0.685s/iter  lr=9.64e-05  loss=0.000187
                                  K=1 (deploy)              K=3 (train)
  mean_violation   = 0.000123  ->  0.000008              0.000001
  illegal_pairs    = 0.75%      ->  0.23%                 0.07%
  viol_per_cloud   = 17.56       ->  5.47                  1.75
  viol_reduction   =                68.9%                    90.0%
  mean_nn_dist     = 0.095416  ->  0.102261              0.102745
  displacement     =                0.0045 (0.049x rd)   0.0048 (0.052x rd)
  correction_eff   =                0.0253 (86.1% ceil)         0.0252 (85.8% ceil)
2026-05-28 18:11:08 +01:27:17 -00:22:19 [INFO] iter=  8100  0.705s/iter  lr=8.74e-05  loss=0.000186
                                  K=1 (deploy)              K=3 (train)
  mean_violation   = 0.000123  ->  0.000008              0.000001
  illegal_pairs    = 0.75%      ->  0.28%                 0.09%
  viol_per_cloud   = 17.56       ->  6.50                  2.00
  viol_reduction   =                63.0%                    88.6%
  mean_nn_dist     = 0.095416  ->  0.102213              0.102716
  displacement     =                0.0045 (0.048x rd)   0.0048 (0.051x rd)
  correction_eff   =                0.0256 (87.1% ceil)         0.0255 (86.8% ceil)
2026-05-28 18:12:16 +01:28:25 -00:20:28 [INFO] iter=  8200  0.682s/iter  lr=7.88e-05  loss=0.000185
                                  K=1 (deploy)              K=3 (train)
  mean_violation   = 0.000123  ->  0.000008              0.000001
  illegal_pairs    = 0.75%      ->  0.22%                 0.08%
  viol_per_cloud   = 17.56       ->  5.16                  1.88
  viol_reduction   =                70.6%                    89.3%
  mean_nn_dist     = 0.095416  ->  0.102249              0.102713
  displacement     =                0.0045 (0.048x rd)   0.0048 (0.051x rd)
  correction_eff   =                0.0255 (86.6% ceil)         0.0255 (86.7% ceil)
2026-05-28 18:13:24 +01:29:34 -00:19:25 [INFO] iter=  8300  0.685s/iter  lr=7.06e-05  loss=0.000187
                                  K=1 (deploy)              K=3 (train)
  mean_violation   = 0.000123  ->  0.000008              0.000001
  illegal_pairs    = 0.75%      ->  0.24%                 0.08%
  viol_per_cloud   = 17.56       ->  5.62                  1.94
  viol_reduction   =                68.0%                    89.0%
  mean_nn_dist     = 0.095416  ->  0.102230              0.102720
  displacement     =                0.0045 (0.048x rd)   0.0047 (0.051x rd)
  correction_eff   =                0.0256 (86.9% ceil)         0.0256 (86.9% ceil)
2026-05-28 18:14:32 +01:30:42 -00:18:06 [INFO] iter=  8400  0.679s/iter  lr=6.28e-05  loss=0.000186
                                  K=1 (deploy)              K=3 (train)
  mean_violation   = 0.000123  ->  0.000008              0.000001
  illegal_pairs    = 0.75%      ->  0.25%                 0.08%
  viol_per_cloud   = 17.56       ->  5.84                  1.94
  viol_reduction   =                66.7%                    89.0%
  mean_nn_dist     = 0.095416  ->  0.102230              0.102706
  displacement     =                0.0045 (0.048x rd)   0.0047 (0.051x rd)
  correction_eff   =                0.0255 (86.9% ceil)         0.0255 (86.8% ceil)
2026-05-28 18:15:40 +01:31:50 -00:17:03 [INFO] iter=  8500  0.682s/iter  lr=5.54e-05  loss=0.000186
                                  K=1 (deploy)              K=3 (train)
  mean_violation   = 0.000123  ->  0.000008              0.000001
  illegal_pairs    = 0.75%      ->  0.26%                 0.08%
  viol_per_cloud   = 17.56       ->  6.19                  1.88
  viol_reduction   =                64.8%                    89.3%
  mean_nn_dist     = 0.095416  ->  0.102226              0.102722
  displacement     =                0.0045 (0.048x rd)   0.0047 (0.051x rd)
  correction_eff   =                0.0256 (86.9% ceil)         0.0256 (86.9% ceil)
2026-05-28 18:16:51 +01:33:01 -00:16:30 [INFO] iter=  8600  0.708s/iter  lr=4.85e-05  loss=0.000186
                                  K=1 (deploy)              K=3 (train)
  mean_violation   = 0.000123  ->  0.000008              0.000001
  illegal_pairs    = 0.75%      ->  0.25%                 0.08%
  viol_per_cloud   = 17.56       ->  5.88                  1.91
  viol_reduction   =                66.5%                    89.1%
  mean_nn_dist     = 0.095416  ->  0.102228              0.102704
  displacement     =                0.0045 (0.048x rd)   0.0047 (0.051x rd)
  correction_eff   =                0.0256 (86.9% ceil)         0.0256 (87.0% ceil)
2026-05-28 18:18:00 +01:34:10 -00:14:56 [INFO] iter=  8700  0.690s/iter  lr=4.21e-05  loss=0.000186
                                  K=1 (deploy)              K=3 (train)
  mean_violation   = 0.000123  ->  0.000008              0.000001
  illegal_pairs    = 0.75%      ->  0.25%                 0.08%
  viol_per_cloud   = 17.56       ->  5.97                  1.91
  viol_reduction   =                66.0%                    89.1%
  mean_nn_dist     = 0.095416  ->  0.102222              0.102714
  displacement     =                0.0045 (0.048x rd)   0.0047 (0.051x rd)
  correction_eff   =                0.0256 (87.0% ceil)         0.0256 (87.0% ceil)
2026-05-28 18:19:09 +01:35:18 -00:13:44 [INFO] iter=  8800  0.687s/iter  lr=3.61e-05  loss=0.000186
                                  K=1 (deploy)              K=3 (train)
  mean_violation   = 0.000123  ->  0.000008              0.000001
  illegal_pairs    = 0.75%      ->  0.26%                 0.08%
  viol_per_cloud   = 17.56       ->  6.16                  1.97
  viol_reduction   =                64.9%                    88.8%
  mean_nn_dist     = 0.095416  ->  0.102217              0.102706
  displacement     =                0.0045 (0.048x rd)   0.0047 (0.051x rd)
  correction_eff   =                0.0256 (87.1% ceil)         0.0256 (87.1% ceil)
2026-05-28 18:20:17 +01:36:27 -00:12:33 [INFO] iter=  8900  0.685s/iter  lr=3.05e-05  loss=0.000186
                                  K=1 (deploy)              K=3 (train)
  mean_violation   = 0.000123  ->  0.000008              0.000001
  illegal_pairs    = 0.75%      ->  0.27%                 0.08%
  viol_per_cloud   = 17.56       ->  6.25                  1.94
  viol_reduction   =                64.4%                    89.0%
  mean_nn_dist     = 0.095416  ->  0.102220              0.102708
  displacement     =                0.0045 (0.048x rd)   0.0047 (0.051x rd)
  correction_eff   =                0.0256 (87.1% ceil)         0.0256 (87.0% ceil)
2026-05-28 18:21:26 +01:37:35 -00:11:24 [INFO] iter=  9000  0.684s/iter  lr=2.54e-05  loss=0.000187
                                  K=1 (deploy)              K=3 (train)
  mean_violation   = 0.000123  ->  0.000008              0.000001
  illegal_pairs    = 0.75%      ->  0.26%                 0.08%
  viol_per_cloud   = 17.56       ->  6.00                  1.88
  viol_reduction   =                65.8%                    89.3%
  mean_nn_dist     = 0.095416  ->  0.102220              0.102712
  displacement     =                0.0045 (0.048x rd)   0.0047 (0.051x rd)
  correction_eff   =                0.0256 (87.0% ceil)         0.0256 (87.0% ceil)
2026-05-28 18:22:36 +01:38:45 -00:10:27 [INFO] iter=  9100  0.697s/iter  lr=2.08e-05  loss=0.000186
                                  K=1 (deploy)              K=3 (train)
  mean_violation   = 0.000123  ->  0.000008              0.000001
  illegal_pairs    = 0.75%      ->  0.26%                 0.08%
  viol_per_cloud   = 17.56       ->  6.06                  1.97
  viol_reduction   =                65.5%                    88.8%
  mean_nn_dist     = 0.095416  ->  0.102220              0.102708
  displacement     =                0.0045 (0.048x rd)   0.0047 (0.051x rd)
  correction_eff   =                0.0256 (87.1% ceil)         0.0256 (87.1% ceil)
2026-05-28 18:23:44 +01:39:54 -00:09:10 [INFO] iter=  9200  0.688s/iter  lr=1.67e-05  loss=0.000186
                                  K=1 (deploy)              K=3 (train)
  mean_violation   = 0.000123  ->  0.000008              0.000001
  illegal_pairs    = 0.75%      ->  0.26%                 0.08%
  viol_per_cloud   = 17.56       ->  6.00                  1.91
  viol_reduction   =                65.8%                    89.1%
  mean_nn_dist     = 0.095416  ->  0.102223              0.102700
  displacement     =                0.0045 (0.048x rd)   0.0047 (0.051x rd)
  correction_eff   =                0.0256 (87.0% ceil)         0.0256 (87.2% ceil)
2026-05-28 18:24:53 +01:41:02 -00:08:00 [INFO] iter=  9300  0.686s/iter  lr=1.30e-05  loss=0.000185
                                  K=1 (deploy)              K=3 (train)
  mean_violation   = 0.000123  ->  0.000008              0.000001
  illegal_pairs    = 0.75%      ->  0.26%                 0.08%
  viol_per_cloud   = 17.56       ->  6.00                  1.91
  viol_reduction   =                65.8%                    89.1%
  mean_nn_dist     = 0.095416  ->  0.102221              0.102702
  displacement     =                0.0045 (0.048x rd)   0.0047 (0.051x rd)
  correction_eff   =                0.0256 (87.1% ceil)         0.0256 (87.2% ceil)
2026-05-28 18:26:01 +01:42:11 -00:06:50 [INFO] iter=  9400  0.685s/iter  lr=9.85e-06  loss=0.000186
                                  K=1 (deploy)              K=3 (train)
  mean_violation   = 0.000123  ->  0.000008              0.000001
  illegal_pairs    = 0.75%      ->  0.26%                 0.08%
  viol_per_cloud   = 17.56       ->  6.03                  1.84
  viol_reduction   =                65.7%                    89.5%
  mean_nn_dist     = 0.095416  ->  0.102221              0.102699
  displacement     =                0.0045 (0.048x rd)   0.0047 (0.051x rd)
  correction_eff   =                0.0256 (87.1% ceil)         0.0256 (87.2% ceil)
2026-05-28 18:27:09 +01:43:19 -00:05:40 [INFO] iter=  9500  0.680s/iter  lr=7.15e-06  loss=0.000186
                                  K=1 (deploy)              K=3 (train)
  mean_violation   = 0.000123  ->  0.000008              0.000001
  illegal_pairs    = 0.75%      ->  0.25%                 0.08%
  viol_per_cloud   = 17.56       ->  5.94                  1.88
  viol_reduction   =                66.2%                    89.3%
  mean_nn_dist     = 0.095416  ->  0.102219              0.102699
  displacement     =                0.0045 (0.048x rd)   0.0047 (0.051x rd)
  correction_eff   =                0.0256 (87.1% ceil)         0.0256 (87.1% ceil)
2026-05-28 18:28:20 +01:44:29 -00:04:41 [INFO] iter=  9600  0.703s/iter  lr=4.94e-06  loss=0.000186
                                  K=1 (deploy)              K=3 (train)
  mean_violation   = 0.000123  ->  0.000008              0.000001
  illegal_pairs    = 0.75%      ->  0.25%                 0.08%
  viol_per_cloud   = 17.56       ->  5.94                  1.88
  viol_reduction   =                66.2%                    89.3%
  mean_nn_dist     = 0.095416  ->  0.102219              0.102692
  displacement     =                0.0045 (0.048x rd)   0.0047 (0.051x rd)
  correction_eff   =                0.0256 (87.1% ceil)         0.0256 (87.2% ceil)
2026-05-28 18:29:28 +01:45:38 -00:03:25 [INFO] iter=  9700  0.686s/iter  lr=3.22e-06  loss=0.000186
                                  K=1 (deploy)              K=3 (train)
  mean_violation   = 0.000123  ->  0.000008              0.000001
  illegal_pairs    = 0.75%      ->  0.25%                 0.08%
  viol_per_cloud   = 17.56       ->  5.84                  1.91
  viol_reduction   =                66.7%                    89.1%
  mean_nn_dist     = 0.095416  ->  0.102219              0.102700
  displacement     =                0.0045 (0.048x rd)   0.0047 (0.051x rd)
  correction_eff   =                0.0256 (87.1% ceil)         0.0256 (87.1% ceil)
2026-05-28 18:30:37 +01:46:47 -00:02:18 [INFO] iter=  9800  0.690s/iter  lr=1.99e-06  loss=0.000187
                                  K=1 (deploy)              K=3 (train)
  mean_violation   = 0.000123  ->  0.000008              0.000001
  illegal_pairs    = 0.75%      ->  0.26%                 0.08%
  viol_per_cloud   = 17.56       ->  6.06                  1.91
  viol_reduction   =                65.5%                    89.1%
  mean_nn_dist     = 0.095416  ->  0.102218              0.102703
  displacement     =                0.0045 (0.048x rd)   0.0047 (0.051x rd)
  correction_eff   =                0.0256 (87.1% ceil)         0.0256 (87.1% ceil)
2026-05-28 18:31:46 +01:47:55 -00:01:08 [INFO] iter=  9900  0.686s/iter  lr=1.25e-06  loss=0.000186
                                  K=1 (deploy)              K=3 (train)
  mean_violation   = 0.000123  ->  0.000008              0.000001
  illegal_pairs    = 0.75%      ->  0.26%                 0.08%
  viol_per_cloud   = 17.56       ->  6.00                  1.91
  viol_reduction   =                65.8%                    89.1%
  mean_nn_dist     = 0.095416  ->  0.102218              0.102690
  displacement     =                0.0045 (0.048x rd)   0.0047 (0.051x rd)
  correction_eff   =                0.0256 (87.1% ceil)         0.0257 (87.2% ceil)
2026-05-28 18:32:54 +01:49:04 -00:00:00 [INFO] iter= 10000  0.684s/iter  lr=1.00e-06  loss=0.000187
                                  K=1 (deploy)              K=3 (train)
  mean_violation   = 0.000123  ->  0.000008              0.000001
  illegal_pairs    = 0.75%      ->  0.25%                 0.08%
  viol_per_cloud   = 17.56       ->  5.81                  1.88
  viol_reduction   =                66.9%                    89.3%
  mean_nn_dist     = 0.095416  ->  0.102218              0.102697
  displacement     =                0.0045 (0.048x rd)   0.0047 (0.051x rd)
  correction_eff   =                0.0256 (87.1% ceil)         0.0256 (87.2% ceil)
2026-05-28 18:32:56 +01:49:05 -00:00:00 [INFO] Training complete. Model saved to training_artifacts\train_run_2026-05-28_16-43-50\model_final.pt
2026-05-28 18:32:57 +01:49:07 -00:00:00 [INFO] Evolution GIF saved to training_artifacts\train_run_2026-05-28_16-43-50\evolution.gif
2026-05-28 18:33:00 +00:00:00 --:--:-- [INFO] Run directory: training_artifacts\train_run_2026-05-28_18-33-00
2026-05-28 18:33:00 +00:00:00 --:--:-- [INFO] Configs copied to run directory
2026-05-28 18:33:00 +00:00:00 --:--:-- [INFO] Using device: cuda
2026-05-28 18:33:00 +00:00:00 --:--:-- [INFO] Packed dataset: packedness=1.0, N_target=100, rd=0.1075
2026-05-28 18:33:00 +00:00:00 --:--:-- [INFO] Generating validation set (200 clouds)...
2026-05-28 18:33:03 +00:00:03 --:--:-- [INFO] Validation set saved
2026-05-28 18:33:03 +00:00:03 --:--:-- [INFO] Model built: 51,458 parameters
2026-05-28 18:33:04 +00:00:03 --:--:-- [INFO] Starting training for 10000 iterations
2026-05-28 18:33:56 +00:00:55 -01:25:19 [INFO] iter=   100  0.517s/iter  lr=1.00e-03  loss=0.005006
                                  K=1 (deploy)              K=3 (train)
  mean_violation   = 0.000193  ->  0.000075              0.000028
  illegal_pairs    = 0.98%      ->  0.62%                 0.40%
  viol_per_cloud   = 13.47       ->  8.59                  5.47
  viol_reduction   =                36.2%                    59.4%
  mean_nn_dist     = 0.109622  ->  0.115542              0.117846
  displacement     =                0.1292 (1.202x rd)   0.3867 (3.597x rd)
  correction_eff   =                0.0009 (2.4% ceil)         0.0004 (1.1% ceil)
2026-05-28 18:34:47 +00:01:46 -01:23:42 [INFO] iter=   200  0.513s/iter  lr=9.99e-04  loss=0.004368
                                  K=1 (deploy)              K=3 (train)
  mean_violation   = 0.000193  ->  0.000051              0.000012
  illegal_pairs    = 0.98%      ->  0.46%                 0.18%
  viol_per_cloud   = 13.47       ->  6.38                  2.50
  viol_reduction   =                52.7%                    81.4%
  mean_nn_dist     = 0.109622  ->  0.117854              0.120499
  displacement     =                0.1224 (1.139x rd)   0.3758 (3.496x rd)
  correction_eff   =                0.0012 (3.0% ceil)         0.0005 (1.3% ceil)
2026-05-28 18:35:38 +00:02:38 -01:23:02 [INFO] iter=   300  0.514s/iter  lr=9.98e-04  loss=0.004099
                                  K=1 (deploy)              K=3 (train)
  mean_violation   = 0.000193  ->  0.000035              0.000007
  illegal_pairs    = 0.98%      ->  0.45%                 0.15%
  viol_per_cloud   = 13.47       ->  6.19                  2.12
  viol_reduction   =                54.1%                    84.2%
  mean_nn_dist     = 0.109622  ->  0.117551              0.119184
  displacement     =                0.1249 (1.162x rd)   0.3801 (3.536x rd)
  correction_eff   =                0.0013 (3.3% ceil)         0.0005 (1.3% ceil)
2026-05-28 18:36:30 +00:03:29 -01:22:05 [INFO] iter=   400  0.513s/iter  lr=9.96e-04  loss=0.004055
                                  K=1 (deploy)              K=3 (train)
  mean_violation   = 0.000193  ->  0.000034              0.000006
  illegal_pairs    = 0.98%      ->  0.45%                 0.15%
  viol_per_cloud   = 13.47       ->  6.22                  2.03
  viol_reduction   =                53.8%                    84.9%
  mean_nn_dist     = 0.109622  ->  0.117451              0.119057
  displacement     =                0.1244 (1.157x rd)   0.3790 (3.525x rd)
  correction_eff   =                0.0013 (3.3% ceil)         0.0005 (1.3% ceil)
2026-05-28 18:37:21 +00:04:20 -01:21:12 [INFO] iter=   500  0.513s/iter  lr=9.94e-04  loss=0.000637
                                  K=1 (deploy)              K=3 (train)
  mean_violation   = 0.000193  ->  0.000034              0.000005
  illegal_pairs    = 0.98%      ->  0.43%                 0.14%
  viol_per_cloud   = 13.47       ->  5.91                  1.94
  viol_reduction   =                56.1%                    85.6%
  mean_nn_dist     = 0.109622  ->  0.117712              0.119315
  displacement     =                0.0064 (0.060x rd)   0.0087 (0.081x rd)
  correction_eff   =                0.0246 (64.0% ceil)         0.0215 (55.9% ceil)
2026-05-28 18:38:16 +00:05:15 -01:25:28 [INFO] iter=   600  0.546s/iter  lr=9.91e-04  loss=0.000432
                                  K=1 (deploy)              K=3 (train)
  mean_violation   = 0.000193  ->  0.000025              0.000005
  illegal_pairs    = 0.98%      ->  0.44%                 0.16%
  viol_per_cloud   = 13.47       ->  6.03                  2.16
  viol_reduction   =                55.2%                    84.0%
  mean_nn_dist     = 0.109622  ->  0.117792              0.118955
  displacement     =                0.0067 (0.062x rd)   0.0093 (0.086x rd)
  correction_eff   =                0.0251 (65.2% ceil)         0.0203 (52.7% ceil)
2026-05-28 18:39:08 +00:06:08 -01:21:55 [INFO] iter=   700  0.529s/iter  lr=9.88e-04  loss=0.000424
                                  K=1 (deploy)              K=3 (train)
  mean_violation   = 0.000193  ->  0.000024              0.000003
  illegal_pairs    = 0.98%      ->  0.41%                 0.10%
  viol_per_cloud   = 13.47       ->  5.62                  1.44
  viol_reduction   =                58.2%                    89.3%
  mean_nn_dist     = 0.109622  ->  0.117865              0.119094
  displacement     =                0.0062 (0.057x rd)   0.0079 (0.073x rd)
  correction_eff   =                0.0275 (71.4% ceil)         0.0241 (62.7% ceil)
2026-05-28 18:40:01 +00:07:00 -01:20:15 [INFO] iter=   800  0.523s/iter  lr=9.84e-04  loss=0.000364
                                  K=1 (deploy)              K=3 (train)
  mean_violation   = 0.000193  ->  0.000019              0.000003
  illegal_pairs    = 0.98%      ->  0.33%                 0.10%
  viol_per_cloud   = 13.47       ->  4.53                  1.44
  viol_reduction   =                66.4%                    89.3%
  mean_nn_dist     = 0.109622  ->  0.118199              0.119128
  displacement     =                0.0062 (0.057x rd)   0.0072 (0.067x rd)
  correction_eff   =                0.0282 (73.2% ceil)         0.0265 (68.9% ceil)
2026-05-28 18:40:52 +00:07:51 -01:17:55 [INFO] iter=   900  0.514s/iter  lr=9.80e-04  loss=0.000327
                                  K=1 (deploy)              K=3 (train)
  mean_violation   = 0.000193  ->  0.000018              0.000003
  illegal_pairs    = 0.98%      ->  0.32%                 0.09%
  viol_per_cloud   = 13.47       ->  4.47                  1.25
  viol_reduction   =                66.8%                    90.7%
  mean_nn_dist     = 0.109622  ->  0.118493              0.119454
  displacement     =                0.0063 (0.059x rd)   0.0071 (0.066x rd)
  correction_eff   =                0.0277 (71.9% ceil)         0.0267 (69.4% ceil)
2026-05-28 18:41:44 +00:08:43 -01:17:19 [INFO] iter=  1000  0.515s/iter  lr=9.76e-04  loss=0.000343
                                  K=1 (deploy)              K=3 (train)
  mean_violation   = 0.000193  ->  0.000016              0.000003
  illegal_pairs    = 0.98%      ->  0.33%                 0.09%
  viol_per_cloud   = 13.47       ->  4.56                  1.28
  viol_reduction   =                66.1%                    90.5%
  mean_nn_dist     = 0.109622  ->  0.118554              0.119438
  displacement     =                0.0067 (0.062x rd)   0.0080 (0.075x rd)
  correction_eff   =                0.0265 (68.9% ceil)         0.0236 (61.5% ceil)
2026-05-28 18:42:36 +00:09:36 -01:18:06 [INFO] iter=  1100  0.527s/iter  lr=9.70e-04  loss=0.000274
                                  K=1 (deploy)              K=3 (train)
  mean_violation   = 0.000193  ->  0.000015              0.000002
  illegal_pairs    = 0.98%      ->  0.33%                 0.10%
  viol_per_cloud   = 13.47       ->  4.56                  1.34
  viol_reduction   =                66.1%                    90.0%
  mean_nn_dist     = 0.109622  ->  0.118215              0.118981
  displacement     =                0.0063 (0.058x rd)   0.0075 (0.070x rd)
  correction_eff   =                0.0284 (74.0% ceil)         0.0256 (66.5% ceil)
2026-05-28 18:43:27 +00:10:27 -01:14:52 [INFO] iter=  1200  0.511s/iter  lr=9.65e-04  loss=0.000277
                                  K=1 (deploy)              K=3 (train)
  mean_violation   = 0.000193  ->  0.000016              0.000002
  illegal_pairs    = 0.98%      ->  0.30%                 0.07%
  viol_per_cloud   = 13.47       ->  4.12                  1.00
  viol_reduction   =                69.4%                    92.6%
  mean_nn_dist     = 0.109622  ->  0.118789              0.119637
  displacement     =                0.0066 (0.062x rd)   0.0074 (0.069x rd)
  correction_eff   =                0.0267 (69.4% ceil)         0.0258 (67.1% ceil)
2026-05-28 18:44:19 +00:11:18 -01:14:26 [INFO] iter=  1300  0.513s/iter  lr=9.59e-04  loss=0.000266
                                  K=1 (deploy)              K=3 (train)
  mean_violation   = 0.000193  ->  0.000014              0.000001
  illegal_pairs    = 0.98%      ->  0.28%                 0.05%
  viol_per_cloud   = 13.47       ->  3.81                  0.75
  viol_reduction   =                71.7%                    94.4%
  mean_nn_dist     = 0.109622  ->  0.118889              0.119694
  displacement     =                0.0067 (0.062x rd)   0.0073 (0.068x rd)
  correction_eff   =                0.0267 (69.5% ceil)         0.0262 (68.0% ceil)
2026-05-28 18:45:10 +00:12:09 -01:13:04 [INFO] iter=  1400  0.510s/iter  lr=9.52e-04  loss=0.000272
                                  K=1 (deploy)              K=3 (train)
  mean_violation   = 0.000193  ->  0.000013              0.000002
  illegal_pairs    = 0.98%      ->  0.28%                 0.09%
  viol_per_cloud   = 13.47       ->  3.81                  1.22
  viol_reduction   =                71.7%                    91.0%
  mean_nn_dist     = 0.109622  ->  0.118399              0.119059
  displacement     =                0.0061 (0.057x rd)   0.0065 (0.061x rd)
  correction_eff   =                0.0293 (76.2% ceil)         0.0292 (76.0% ceil)
2026-05-28 18:46:01 +00:13:00 -01:12:31 [INFO] iter=  1500  0.512s/iter  lr=9.46e-04  loss=0.000219
                                  K=1 (deploy)              K=3 (train)
  mean_violation   = 0.000193  ->  0.000012              0.000002
  illegal_pairs    = 0.98%      ->  0.29%                 0.11%
  viol_per_cloud   = 13.47       ->  3.94                  1.50
  viol_reduction   =                70.8%                    88.9%
  mean_nn_dist     = 0.109622  ->  0.118135              0.118664
  displacement     =                0.0061 (0.056x rd)   0.0069 (0.064x rd)
  correction_eff   =                0.0298 (77.6% ceil)         0.0276 (71.8% ceil)
2026-05-28 18:46:54 +00:13:53 -01:13:40 [INFO] iter=  1600  0.526s/iter  lr=9.38e-04  loss=0.000299
                                  K=1 (deploy)              K=3 (train)
  mean_violation   = 0.000193  ->  0.000014              0.000002
  illegal_pairs    = 0.98%      ->  0.34%                 0.09%
  viol_per_cloud   = 13.47       ->  4.62                  1.19
  viol_reduction   =                65.7%                    91.2%
  mean_nn_dist     = 0.109622  ->  0.118060              0.118772
  displacement     =                0.0061 (0.056x rd)   0.0070 (0.065x rd)
  correction_eff   =                0.0295 (76.7% ceil)         0.0271 (70.5% ceil)
2026-05-28 18:47:45 +00:14:44 -01:11:08 [INFO] iter=  1700  0.514s/iter  lr=9.30e-04  loss=0.000252
                                  K=1 (deploy)              K=3 (train)
  mean_violation   = 0.000193  ->  0.000011              0.000002
  illegal_pairs    = 0.98%      ->  0.27%                 0.08%
  viol_per_cloud   = 13.47       ->  3.75                  1.16
  viol_reduction   =                72.2%                    91.4%
  mean_nn_dist     = 0.109622  ->  0.118418              0.119017
  displacement     =                0.0062 (0.058x rd)   0.0068 (0.063x rd)
  correction_eff   =                0.0293 (76.1% ceil)         0.0281 (73.0% ceil)
2026-05-28 18:48:36 +00:15:35 -01:09:57 [INFO] iter=  1800  0.512s/iter  lr=9.22e-04  loss=0.000225
                                  K=1 (deploy)              K=3 (train)
  mean_violation   = 0.000193  ->  0.000011              0.000002
  illegal_pairs    = 0.98%      ->  0.28%                 0.09%
  viol_per_cloud   = 13.47       ->  3.84                  1.25
  viol_reduction   =                71.5%                    90.7%
  mean_nn_dist     = 0.109622  ->  0.118239              0.118794
  displacement     =                0.0060 (0.056x rd)   0.0066 (0.061x rd)
  correction_eff   =                0.0303 (78.7% ceil)         0.0291 (75.8% ceil)
2026-05-28 18:49:27 +00:16:27 -01:09:03 [INFO] iter=  1900  0.512s/iter  lr=9.14e-04  loss=0.000243
                                  K=1 (deploy)              K=3 (train)
  mean_violation   = 0.000193  ->  0.000012              0.000002
  illegal_pairs    = 0.98%      ->  0.33%                 0.09%
  viol_per_cloud   = 13.47       ->  4.50                  1.25
  viol_reduction   =                66.6%                    90.7%
  mean_nn_dist     = 0.109622  ->  0.118106              0.118745
  displacement     =                0.0059 (0.055x rd)   0.0064 (0.059x rd)
  correction_eff   =                0.0307 (79.9% ceil)         0.0301 (78.2% ceil)
2026-05-28 18:50:18 +00:17:18 -01:07:50 [INFO] iter=  2000  0.509s/iter  lr=9.05e-04  loss=0.000213
                                  K=1 (deploy)              K=3 (train)
  mean_violation   = 0.000193  ->  0.000011              0.000002
  illegal_pairs    = 0.98%      ->  0.28%                 0.10%
  viol_per_cloud   = 13.47       ->  3.84                  1.38
  viol_reduction   =                71.5%                    89.8%
  mean_nn_dist     = 0.109622  ->  0.118164              0.118697
  displacement     =                0.0060 (0.056x rd)   0.0067 (0.062x rd)
  correction_eff   =                0.0303 (78.8% ceil)         0.0285 (74.1% ceil)
2026-05-28 18:51:11 +00:18:10 -01:09:28 [INFO] iter=  2100  0.528s/iter  lr=8.95e-04  loss=0.000222
                                  K=1 (deploy)              K=3 (train)
  mean_violation   = 0.000193  ->  0.000011              0.000002
  illegal_pairs    = 0.98%      ->  0.30%                 0.11%
  viol_per_cloud   = 13.47       ->  4.19                  1.50
  viol_reduction   =                68.9%                    88.9%
  mean_nn_dist     = 0.109622  ->  0.117994              0.118504
  displacement     =                0.0058 (0.054x rd)   0.0065 (0.060x rd)
  correction_eff   =                0.0313 (81.4% ceil)         0.0295 (76.7% ceil)
2026-05-28 18:52:03 +00:19:02 -01:07:03 [INFO] iter=  2200  0.516s/iter  lr=8.85e-04  loss=0.000217
                                  K=1 (deploy)              K=3 (train)
  mean_violation   = 0.000193  ->  0.000014              0.000002
  illegal_pairs    = 0.98%      ->  0.51%                 0.13%
  viol_per_cloud   = 13.47       ->  7.06                  1.78
  viol_reduction   =                47.6%                    86.8%
  mean_nn_dist     = 0.109622  ->  0.117639              0.118335
  displacement     =                0.0054 (0.050x rd)   0.0061 (0.057x rd)
  correction_eff   =                0.0332 (86.3% ceil)         0.0311 (80.9% ceil)
2026-05-28 18:52:54 +00:19:53 -01:05:55 [INFO] iter=  2300  0.514s/iter  lr=8.75e-04  loss=0.000226
                                  K=1 (deploy)              K=3 (train)
  mean_violation   = 0.000193  ->  0.000012              0.000002
  illegal_pairs    = 0.98%      ->  0.39%                 0.12%
  viol_per_cloud   = 13.47       ->  5.31                  1.69
  viol_reduction   =                60.6%                    87.5%
  mean_nn_dist     = 0.109622  ->  0.117833              0.118427
  displacement     =                0.0055 (0.052x rd)   0.0060 (0.056x rd)
  correction_eff   =                0.0326 (84.8% ceil)         0.0317 (82.3% ceil)
2026-05-28 18:53:45 +00:20:45 -01:05:08 [INFO] iter=  2400  0.514s/iter  lr=8.65e-04  loss=0.000230
                                  K=1 (deploy)              K=3 (train)
  mean_violation   = 0.000193  ->  0.000013              0.000002
  illegal_pairs    = 0.98%      ->  0.31%                 0.11%
  viol_per_cloud   = 13.47       ->  4.25                  1.47
  viol_reduction   =                68.4%                    89.1%
  mean_nn_dist     = 0.109622  ->  0.118148              0.118767
  displacement     =                0.0059 (0.055x rd)   0.0066 (0.061x rd)
  correction_eff   =                0.0303 (78.7% ceil)         0.0290 (75.5% ceil)
2026-05-28 18:54:36 +00:21:36 -01:03:54 [INFO] iter=  2500  0.511s/iter  lr=8.54e-04  loss=0.000255
                                  K=1 (deploy)              K=3 (train)
  mean_violation   = 0.000193  ->  0.000013              0.000002
  illegal_pairs    = 0.98%      ->  0.37%                 0.10%
  viol_per_cloud   = 13.47       ->  5.03                  1.41
  viol_reduction   =                62.6%                    89.6%
  mean_nn_dist     = 0.109622  ->  0.118045              0.118735
  displacement     =                0.0058 (0.054x rd)   0.0065 (0.060x rd)
  correction_eff   =                0.0312 (81.1% ceil)         0.0296 (76.9% ceil)
2026-05-28 18:55:29 +00:22:28 -01:04:48 [INFO] iter=  2600  0.526s/iter  lr=8.42e-04  loss=0.000215
                                  K=1 (deploy)              K=3 (train)
  mean_violation   = 0.000193  ->  0.000012              0.000001
  illegal_pairs    = 0.98%      ->  0.27%                 0.10%
  viol_per_cloud   = 13.47       ->  3.78                  1.34
  viol_reduction   =                71.9%                    90.0%
  mean_nn_dist     = 0.109622  ->  0.118104              0.118651
  displacement     =                0.0059 (0.055x rd)   0.0063 (0.059x rd)
  correction_eff   =                0.0309 (80.4% ceil)         0.0305 (79.2% ceil)
2026-05-28 18:56:20 +00:23:19 -01:01:57 [INFO] iter=  2700  0.509s/iter  lr=8.31e-04  loss=0.000208
                                  K=1 (deploy)              K=3 (train)
  mean_violation   = 0.000193  ->  0.000011              0.000002
  illegal_pairs    = 0.98%      ->  0.27%                 0.10%
  viol_per_cloud   = 13.47       ->  3.75                  1.44
  viol_reduction   =                72.2%                    89.3%
  mean_nn_dist     = 0.109622  ->  0.118171              0.118680
  displacement     =                0.0060 (0.056x rd)   0.0066 (0.062x rd)
  correction_eff   =                0.0304 (79.1% ceil)         0.0288 (74.9% ceil)
2026-05-28 18:57:11 +00:24:10 -01:00:50 [INFO] iter=  2800  0.507s/iter  lr=8.19e-04  loss=0.000203
                                  K=1 (deploy)              K=3 (train)
  mean_violation   = 0.000193  ->  0.000012              0.000002
  illegal_pairs    = 0.98%      ->  0.32%                 0.13%
  viol_per_cloud   = 13.47       ->  4.44                  1.75
  viol_reduction   =                67.1%                    87.0%
  mean_nn_dist     = 0.109622  ->  0.118008              0.118560
  displacement     =                0.0059 (0.055x rd)   0.0068 (0.063x rd)
  correction_eff   =                0.0309 (80.4% ceil)         0.0283 (73.6% ceil)
2026-05-28 18:58:01 +00:25:01 -01:00:01 [INFO] iter=  2900  0.507s/iter  lr=8.07e-04  loss=0.000213
                                  K=1 (deploy)              K=3 (train)
  mean_violation   = 0.000193  ->  0.000011              0.000002
  illegal_pairs    = 0.98%      ->  0.28%                 0.13%
  viol_per_cloud   = 13.47       ->  3.91                  1.78
  viol_reduction   =                71.0%                    86.8%
  mean_nn_dist     = 0.109622  ->  0.118039              0.118532
  displacement     =                0.0058 (0.054x rd)   0.0064 (0.059x rd)
  correction_eff   =                0.0314 (81.5% ceil)         0.0300 (78.0% ceil)
2026-05-28 18:58:52 +00:25:52 -00:59:20 [INFO] iter=  3000  0.509s/iter  lr=7.94e-04  loss=0.000217
                                  K=1 (deploy)              K=3 (train)
  mean_violation   = 0.000193  ->  0.000012              0.000001
  illegal_pairs    = 0.98%      ->  0.35%                 0.12%
  viol_per_cloud   = 13.47       ->  4.88                  1.66
  viol_reduction   =                63.8%                    87.7%
  mean_nn_dist     = 0.109622  ->  0.117917              0.118483
  displacement     =                0.0057 (0.053x rd)   0.0061 (0.057x rd)
  correction_eff   =                0.0318 (82.8% ceil)         0.0314 (81.5% ceil)
2026-05-28 18:59:45 +00:26:44 -01:00:25 [INFO] iter=  3100  0.525s/iter  lr=7.81e-04  loss=0.000207
                                  K=1 (deploy)              K=3 (train)
  mean_violation   = 0.000193  ->  0.000010              0.000001
  illegal_pairs    = 0.98%      ->  0.26%                 0.09%
  viol_per_cloud   = 13.47       ->  3.62                  1.25
  viol_reduction   =                73.1%                    90.7%
  mean_nn_dist     = 0.109622  ->  0.118237              0.118735
  displacement     =                0.0060 (0.056x rd)   0.0066 (0.061x rd)
  correction_eff   =                0.0306 (79.5% ceil)         0.0293 (76.1% ceil)
2026-05-28 19:00:36 +00:27:35 -00:57:46 [INFO] iter=  3200  0.510s/iter  lr=7.68e-04  loss=0.000203
                                  K=1 (deploy)              K=3 (train)
  mean_violation   = 0.000193  ->  0.000011              0.000002
  illegal_pairs    = 0.98%      ->  0.39%                 0.20%
  viol_per_cloud   = 13.47       ->  5.38                  2.69
  viol_reduction   =                60.1%                    80.0%
  mean_nn_dist     = 0.109622  ->  0.117935              0.118462
  displacement     =                0.0056 (0.052x rd)   0.0060 (0.056x rd)
  correction_eff   =                0.0323 (83.9% ceil)         0.0316 (82.2% ceil)
2026-05-28 19:01:27 +00:28:26 -00:56:43 [INFO] iter=  3300  0.508s/iter  lr=7.55e-04  loss=0.000210
                                  K=1 (deploy)              K=3 (train)
  mean_violation   = 0.000193  ->  0.000011              0.000001
  illegal_pairs    = 0.98%      ->  0.26%                 0.11%
  viol_per_cloud   = 13.47       ->  3.59                  1.47
  viol_reduction   =                73.3%                    89.1%
  mean_nn_dist     = 0.109622  ->  0.118119              0.118616
  displacement     =                0.0058 (0.054x rd)   0.0062 (0.057x rd)
  correction_eff   =                0.0314 (81.7% ceil)         0.0310 (80.7% ceil)
2026-05-28 19:02:18 +00:29:17 -00:56:10 [INFO] iter=  3400  0.511s/iter  lr=7.41e-04  loss=0.000199
                                  K=1 (deploy)              K=3 (train)
  mean_violation   = 0.000193  ->  0.000010              0.000001
  illegal_pairs    = 0.98%      ->  0.27%                 0.10%
  viol_per_cloud   = 13.47       ->  3.75                  1.38
  viol_reduction   =                72.2%                    89.8%
  mean_nn_dist     = 0.109622  ->  0.118158              0.118629
  displacement     =                0.0059 (0.055x rd)   0.0062 (0.058x rd)
  correction_eff   =                0.0311 (80.8% ceil)         0.0307 (79.9% ceil)
2026-05-28 19:03:08 +00:30:08 -00:55:00 [INFO] iter=  3500  0.508s/iter  lr=7.27e-04  loss=0.000192
                                  K=1 (deploy)              K=3 (train)
  mean_violation   = 0.000193  ->  0.000010              0.000001
  illegal_pairs    = 0.98%      ->  0.32%                 0.10%
  viol_per_cloud   = 13.47       ->  4.38                  1.44
  viol_reduction   =                67.5%                    89.3%
  mean_nn_dist     = 0.109622  ->  0.117974              0.118480
  displacement     =                0.0057 (0.053x rd)   0.0062 (0.057x rd)
  correction_eff   =                0.0319 (82.9% ceil)         0.0312 (81.0% ceil)
2026-05-28 19:04:01 +00:31:00 -00:55:53 [INFO] iter=  3600  0.524s/iter  lr=7.13e-04  loss=0.000206
                                  K=1 (deploy)              K=3 (train)
  mean_violation   = 0.000193  ->  0.000010              0.000001
  illegal_pairs    = 0.98%      ->  0.28%                 0.08%
  viol_per_cloud   = 13.47       ->  3.88                  1.12
  viol_reduction   =                71.2%                    91.6%
  mean_nn_dist     = 0.109622  ->  0.118267              0.118795
  displacement     =                0.0061 (0.057x rd)   0.0066 (0.061x rd)
  correction_eff   =                0.0301 (78.2% ceil)         0.0293 (76.1% ceil)
2026-05-28 19:04:52 +00:31:51 -00:53:32 [INFO] iter=  3700  0.510s/iter  lr=6.99e-04  loss=0.000193
                                  K=1 (deploy)              K=3 (train)
  mean_violation   = 0.000193  ->  0.000011              0.000001
  illegal_pairs    = 0.98%      ->  0.34%                 0.12%
  viol_per_cloud   = 13.47       ->  4.62                  1.62
  viol_reduction   =                65.7%                    87.9%
  mean_nn_dist     = 0.109622  ->  0.117999              0.118523
  displacement     =                0.0058 (0.054x rd)   0.0063 (0.059x rd)
  correction_eff   =                0.0317 (82.3% ceil)         0.0304 (79.1% ceil)
2026-05-28 19:05:43 +00:32:42 -00:52:47 [INFO] iter=  3800  0.511s/iter  lr=6.84e-04  loss=0.000189
                                  K=1 (deploy)              K=3 (train)
  mean_violation   = 0.000193  ->  0.000010              0.000001
  illegal_pairs    = 0.98%      ->  0.30%                 0.10%
  viol_per_cloud   = 13.47       ->  4.19                  1.31
  viol_reduction   =                68.9%                    90.3%
  mean_nn_dist     = 0.109622  ->  0.118049              0.118530
  displacement     =                0.0058 (0.054x rd)   0.0062 (0.058x rd)
  correction_eff   =                0.0316 (82.1% ceil)         0.0310 (80.6% ceil)
2026-05-28 19:06:34 +00:33:33 -00:51:36 [INFO] iter=  3900  0.508s/iter  lr=6.70e-04  loss=0.000196
                                  K=1 (deploy)              K=3 (train)
  mean_violation   = 0.000193  ->  0.000009              0.000001
  illegal_pairs    = 0.98%      ->  0.25%                 0.07%
  viol_per_cloud   = 13.47       ->  3.47                  0.94
  viol_reduction   =                74.2%                    93.0%
  mean_nn_dist     = 0.109622  ->  0.118323              0.118813
  displacement     =                0.0060 (0.056x rd)   0.0063 (0.059x rd)
  correction_eff   =                0.0307 (79.8% ceil)         0.0303 (78.8% ceil)
2026-05-28 19:07:25 +00:34:24 -00:50:55 [INFO] iter=  4000  0.509s/iter  lr=6.55e-04  loss=0.000188
                                  K=1 (deploy)              K=3 (train)
  mean_violation   = 0.000193  ->  0.000010              0.000001
  illegal_pairs    = 0.98%      ->  0.35%                 0.09%
  viol_per_cloud   = 13.47       ->  4.88                  1.28
  viol_reduction   =                63.8%                    90.5%
  mean_nn_dist     = 0.109622  ->  0.118083              0.118635
  displacement     =                0.0058 (0.054x rd)   0.0063 (0.059x rd)
  correction_eff   =                0.0315 (81.9% ceil)         0.0303 (78.7% ceil)
2026-05-28 19:08:17 +00:35:17 -00:51:43 [INFO] iter=  4100  0.526s/iter  lr=6.40e-04  loss=0.000184
                                  K=1 (deploy)              K=3 (train)
  mean_violation   = 0.000193  ->  0.000009              0.000001
  illegal_pairs    = 0.98%      ->  0.30%                 0.12%
  viol_per_cloud   = 13.47       ->  4.16                  1.69
  viol_reduction   =                69.1%                    87.5%
  mean_nn_dist     = 0.109622  ->  0.118022              0.118470
  displacement     =                0.0058 (0.054x rd)   0.0062 (0.057x rd)
  correction_eff   =                0.0316 (82.2% ceil)         0.0311 (80.8% ceil)
2026-05-28 19:09:08 +00:36:07 -00:49:04 [INFO] iter=  4200  0.508s/iter  lr=6.25e-04  loss=0.000190
                                  K=1 (deploy)              K=3 (train)
  mean_violation   = 0.000193  ->  0.000009              0.000001
  illegal_pairs    = 0.98%      ->  0.28%                 0.07%
  viol_per_cloud   = 13.47       ->  3.88                  1.00
  viol_reduction   =                71.2%                    92.6%
  mean_nn_dist     = 0.109622  ->  0.118135              0.118607
  displacement     =                0.0060 (0.056x rd)   0.0066 (0.061x rd)
  correction_eff   =                0.0305 (79.3% ceil)         0.0293 (76.2% ceil)
2026-05-28 19:09:59 +00:36:58 -00:48:20 [INFO] iter=  4300  0.509s/iter  lr=6.09e-04  loss=0.000178
                                  K=1 (deploy)              K=3 (train)
  mean_violation   = 0.000193  ->  0.000010              0.000001
  illegal_pairs    = 0.98%      ->  0.38%                 0.12%
  viol_per_cloud   = 13.47       ->  5.25                  1.59
  viol_reduction   =                61.0%                    88.2%
  mean_nn_dist     = 0.109622  ->  0.117956              0.118453
  displacement     =                0.0057 (0.053x rd)   0.0062 (0.058x rd)
  correction_eff   =                0.0318 (82.7% ceil)         0.0307 (79.9% ceil)
2026-05-28 19:10:50 +00:37:49 -00:47:28 [INFO] iter=  4400  0.509s/iter  lr=5.94e-04  loss=0.000176
                                  K=1 (deploy)              K=3 (train)
  mean_violation   = 0.000193  ->  0.000008              0.000001
  illegal_pairs    = 0.98%      ->  0.25%                 0.08%
  viol_per_cloud   = 13.47       ->  3.47                  1.12
  viol_reduction   =                74.2%                    91.6%
  mean_nn_dist     = 0.109622  ->  0.118188              0.118625
  displacement     =                0.0059 (0.055x rd)   0.0064 (0.059x rd)
  correction_eff   =                0.0311 (80.9% ceil)         0.0301 (78.2% ceil)
2026-05-28 19:11:41 +00:38:40 -00:46:42 [INFO] iter=  4500  0.509s/iter  lr=5.79e-04  loss=0.000176
                                  K=1 (deploy)              K=3 (train)
  mean_violation   = 0.000193  ->  0.000008              0.000001
  illegal_pairs    = 0.98%      ->  0.22%                 0.08%
  viol_per_cloud   = 13.47       ->  2.97                  1.06
  viol_reduction   =                78.0%                    92.1%
  mean_nn_dist     = 0.109622  ->  0.118252              0.118676
  displacement     =                0.0060 (0.056x rd)   0.0063 (0.059x rd)
  correction_eff   =                0.0309 (80.2% ceil)         0.0304 (79.0% ceil)
2026-05-28 19:12:33 +00:39:33 -00:47:17 [INFO] iter=  4600  0.525s/iter  lr=5.63e-04  loss=0.000172
                                  K=1 (deploy)              K=3 (train)
  mean_violation   = 0.000193  ->  0.000009              0.000001
  illegal_pairs    = 0.98%      ->  0.24%                 0.08%
  viol_per_cloud   = 13.47       ->  3.38                  1.06
  viol_reduction   =                74.9%                    92.1%
  mean_nn_dist     = 0.109622  ->  0.118229              0.118664
  displacement     =                0.0059 (0.055x rd)   0.0063 (0.059x rd)
  correction_eff   =                0.0312 (81.1% ceil)         0.0305 (79.3% ceil)
2026-05-28 19:13:24 +00:40:24 -00:45:08 [INFO] iter=  4700  0.511s/iter  lr=5.48e-04  loss=0.000164
                                  K=1 (deploy)              K=3 (train)
  mean_violation   = 0.000193  ->  0.000008              0.000001
  illegal_pairs    = 0.98%      ->  0.30%                 0.08%
  viol_per_cloud   = 13.47       ->  4.16                  1.16
  viol_reduction   =                69.1%                    91.4%
  mean_nn_dist     = 0.109622  ->  0.118132              0.118616
  displacement     =                0.0059 (0.054x rd)   0.0062 (0.058x rd)
  correction_eff   =                0.0315 (81.9% ceil)         0.0310 (80.6% ceil)
2026-05-28 19:14:16 +00:41:15 -00:44:25 [INFO] iter=  4800  0.513s/iter  lr=5.32e-04  loss=0.000170
                                  K=1 (deploy)              K=3 (train)
  mean_violation   = 0.000193  ->  0.000008              0.000001
  illegal_pairs    = 0.98%      ->  0.28%                 0.07%
  viol_per_cloud   = 13.47       ->  3.88                  0.94
  viol_reduction   =                71.2%                    93.0%
  mean_nn_dist     = 0.109622  ->  0.118181              0.118624
  displacement     =                0.0059 (0.055x rd)   0.0062 (0.058x rd)
  correction_eff   =                0.0313 (81.5% ceil)         0.0309 (80.3% ceil)
2026-05-28 19:15:06 +00:42:06 -00:43:13 [INFO] iter=  4900  0.509s/iter  lr=5.16e-04  loss=0.000163
                                  K=1 (deploy)              K=3 (train)
  mean_violation   = 0.000193  ->  0.000008              0.000001
  illegal_pairs    = 0.98%      ->  0.30%                 0.09%
  viol_per_cloud   = 13.47       ->  4.16                  1.22
  viol_reduction   =                69.1%                    91.0%
  mean_nn_dist     = 0.109622  ->  0.118141              0.118561
  displacement     =                0.0058 (0.054x rd)   0.0062 (0.058x rd)
  correction_eff   =                0.0317 (82.4% ceil)         0.0310 (80.6% ceil)
2026-05-28 19:15:58 +00:42:57 -00:42:49 [INFO] iter=  5000  0.514s/iter  lr=5.01e-04  loss=0.000164
                                  K=1 (deploy)              K=3 (train)
  mean_violation   = 0.000193  ->  0.000008              0.000001
  illegal_pairs    = 0.98%      ->  0.30%                 0.08%
  viol_per_cloud   = 13.47       ->  4.12                  1.16
  viol_reduction   =                69.4%                    91.4%
  mean_nn_dist     = 0.109622  ->  0.118133              0.118547
  displacement     =                0.0059 (0.055x rd)   0.0063 (0.058x rd)
  correction_eff   =                0.0315 (81.9% ceil)         0.0307 (79.8% ceil)
2026-05-28 19:16:51 +00:43:50 -00:43:26 [INFO] iter=  5100  0.532s/iter  lr=4.85e-04  loss=0.000161
                                  K=1 (deploy)              K=3 (train)
  mean_violation   = 0.000193  ->  0.000008              0.000001
  illegal_pairs    = 0.98%      ->  0.24%                 0.07%
  viol_per_cloud   = 13.47       ->  3.38                  1.00
  viol_reduction   =                74.9%                    92.6%
  mean_nn_dist     = 0.109622  ->  0.118210              0.118637
  displacement     =                0.0059 (0.055x rd)   0.0062 (0.058x rd)
  correction_eff   =                0.0313 (81.5% ceil)         0.0310 (80.6% ceil)
2026-05-28 19:17:42 +00:44:42 -00:40:56 [INFO] iter=  5200  0.512s/iter  lr=4.69e-04  loss=0.000157
                                  K=1 (deploy)              K=3 (train)
  mean_violation   = 0.000193  ->  0.000008              0.000001
  illegal_pairs    = 0.98%      ->  0.26%                 0.08%
  viol_per_cloud   = 13.47       ->  3.59                  1.06
  viol_reduction   =                73.3%                    92.1%
  mean_nn_dist     = 0.109622  ->  0.118278              0.118706
  displacement     =                0.0060 (0.056x rd)   0.0064 (0.060x rd)
  correction_eff   =                0.0307 (79.9% ceil)         0.0298 (77.5% ceil)
2026-05-28 19:18:33 +00:45:33 -00:40:08 [INFO] iter=  5300  0.512s/iter  lr=4.53e-04  loss=0.000159
                                  K=1 (deploy)              K=3 (train)
  mean_violation   = 0.000193  ->  0.000008              0.000000
  illegal_pairs    = 0.98%      ->  0.30%                 0.07%
  viol_per_cloud   = 13.47       ->  4.12                  0.91
  viol_reduction   =                69.4%                    93.3%
  mean_nn_dist     = 0.109622  ->  0.118216              0.118678
  displacement     =                0.0059 (0.055x rd)   0.0062 (0.058x rd)
  correction_eff   =                0.0314 (81.7% ceil)         0.0311 (80.8% ceil)
2026-05-28 19:19:23 +00:46:23 -00:38:18 [INFO] iter=  5400  0.500s/iter  lr=4.38e-04  loss=0.000165
                                  K=1 (deploy)              K=3 (train)
  mean_violation   = 0.000193  ->  0.000007              0.000001
  illegal_pairs    = 0.98%      ->  0.29%                 0.06%
  viol_per_cloud   = 13.47       ->  3.97                  0.84
  viol_reduction   =                70.5%                    93.7%
  mean_nn_dist     = 0.109622  ->  0.118211              0.118620
  displacement     =                0.0059 (0.055x rd)   0.0062 (0.057x rd)
  correction_eff   =                0.0315 (82.0% ceil)         0.0312 (81.1% ceil)
2026-05-28 19:20:12 +00:47:11 -00:36:21 [INFO] iter=  5500  0.485s/iter  lr=4.22e-04  loss=0.000158
                                  K=1 (deploy)              K=3 (train)
  mean_violation   = 0.000193  ->  0.000008              0.000001
  illegal_pairs    = 0.98%      ->  0.28%                 0.07%
  viol_per_cloud   = 13.47       ->  3.88                  0.97
  viol_reduction   =                71.2%                    92.8%
  mean_nn_dist     = 0.109622  ->  0.118285              0.118686
  displacement     =                0.0060 (0.055x rd)   0.0062 (0.058x rd)
  correction_eff   =                0.0311 (81.0% ceil)         0.0308 (80.1% ceil)
2026-05-28 19:21:01 +00:48:00 -00:35:52 [INFO] iter=  5600  0.489s/iter  lr=4.07e-04  loss=0.000158
                                  K=1 (deploy)              K=3 (train)
  mean_violation   = 0.000193  ->  0.000007              0.000001
  illegal_pairs    = 0.98%      ->  0.27%                 0.06%
  viol_per_cloud   = 13.47       ->  3.75                  0.81
  viol_reduction   =                72.2%                    94.0%
  mean_nn_dist     = 0.109622  ->  0.118293              0.118704
  displacement     =                0.0060 (0.056x rd)   0.0063 (0.059x rd)
  correction_eff   =                0.0309 (80.2% ceil)         0.0304 (79.0% ceil)
2026-05-28 19:21:50 +00:48:49 -00:35:00 [INFO] iter=  5700  0.489s/iter  lr=3.92e-04  loss=0.000155
                                  K=1 (deploy)              K=3 (train)
  mean_violation   = 0.000193  ->  0.000007              0.000001
  illegal_pairs    = 0.98%      ->  0.29%                 0.06%
  viol_per_cloud   = 13.47       ->  4.00                  0.88
  viol_reduction   =                70.3%                    93.5%
  mean_nn_dist     = 0.109622  ->  0.118318              0.118744
  displacement     =                0.0060 (0.056x rd)   0.0063 (0.059x rd)
  correction_eff   =                0.0311 (80.8% ceil)         0.0305 (79.3% ceil)
2026-05-28 19:22:38 +00:49:38 -00:33:56 [INFO] iter=  5800  0.485s/iter  lr=3.76e-04  loss=0.000151
                                  K=1 (deploy)              K=3 (train)
  mean_violation   = 0.000193  ->  0.000007              0.000001
  illegal_pairs    = 0.98%      ->  0.28%                 0.06%
  viol_per_cloud   = 13.47       ->  3.81                  0.84
  viol_reduction   =                71.7%                    93.7%
  mean_nn_dist     = 0.109622  ->  0.118385              0.118811
  displacement     =                0.0061 (0.056x rd)   0.0064 (0.059x rd)
  correction_eff   =                0.0307 (79.7% ceil)         0.0302 (78.6% ceil)
2026-05-28 19:23:26 +00:50:26 -00:32:47 [INFO] iter=  5900  0.480s/iter  lr=3.61e-04  loss=0.000154
                                  K=1 (deploy)              K=3 (train)
  mean_violation   = 0.000193  ->  0.000007              0.000001
  illegal_pairs    = 0.98%      ->  0.27%                 0.06%
  viol_per_cloud   = 13.47       ->  3.66                  0.78
  viol_reduction   =                72.9%                    94.2%
  mean_nn_dist     = 0.109622  ->  0.118373              0.118791
  displacement     =                0.0062 (0.057x rd)   0.0065 (0.060x rd)
  correction_eff   =                0.0301 (78.3% ceil)         0.0296 (77.1% ceil)
2026-05-28 19:24:15 +00:51:14 -00:32:19 [INFO] iter=  6000  0.485s/iter  lr=3.46e-04  loss=0.000150
                                  K=1 (deploy)              K=3 (train)
  mean_violation   = 0.000193  ->  0.000007              0.000001
  illegal_pairs    = 0.98%      ->  0.31%                 0.06%
  viol_per_cloud   = 13.47       ->  4.25                  0.84
  viol_reduction   =                68.4%                    93.7%
  mean_nn_dist     = 0.109622  ->  0.118262              0.118666
  displacement     =                0.0059 (0.055x rd)   0.0061 (0.057x rd)
  correction_eff   =                0.0314 (81.7% ceil)         0.0313 (81.4% ceil)
2026-05-28 19:25:04 +00:52:03 -00:31:55 [INFO] iter=  6100  0.491s/iter  lr=3.31e-04  loss=0.000152
                                  K=1 (deploy)              K=3 (train)
  mean_violation   = 0.000193  ->  0.000007              0.000001
  illegal_pairs    = 0.98%      ->  0.28%                 0.06%
  viol_per_cloud   = 13.47       ->  3.91                  0.81
  viol_reduction   =                71.0%                    94.0%
  mean_nn_dist     = 0.109622  ->  0.118234              0.118637
  displacement     =                0.0060 (0.056x rd)   0.0063 (0.058x rd)
  correction_eff   =                0.0311 (80.9% ceil)         0.0307 (79.8% ceil)
2026-05-28 19:25:52 +00:52:51 -00:30:16 [INFO] iter=  6200  0.478s/iter  lr=3.17e-04  loss=0.000150
                                  K=1 (deploy)              K=3 (train)
  mean_violation   = 0.000193  ->  0.000007              0.000001
  illegal_pairs    = 0.98%      ->  0.25%                 0.06%
  viol_per_cloud   = 13.47       ->  3.50                  0.81
  viol_reduction   =                74.0%                    94.0%
  mean_nn_dist     = 0.109622  ->  0.118284              0.118674
  displacement     =                0.0060 (0.056x rd)   0.0062 (0.058x rd)
  correction_eff   =                0.0311 (80.8% ceil)         0.0310 (80.6% ceil)
2026-05-28 19:26:40 +00:53:39 -00:29:40 [INFO] iter=  6300  0.481s/iter  lr=3.02e-04  loss=0.000151
                                  K=1 (deploy)              K=3 (train)
  mean_violation   = 0.000193  ->  0.000007              0.000001
  illegal_pairs    = 0.98%      ->  0.25%                 0.06%
  viol_per_cloud   = 13.47       ->  3.47                  0.81
  viol_reduction   =                74.2%                    94.0%
  mean_nn_dist     = 0.109622  ->  0.118293              0.118674
  displacement     =                0.0061 (0.057x rd)   0.0064 (0.060x rd)
  correction_eff   =                0.0306 (79.5% ceil)         0.0300 (77.9% ceil)
2026-05-28 19:27:28 +00:54:28 -00:29:09 [INFO] iter=  6400  0.486s/iter  lr=2.88e-04  loss=0.000149
                                  K=1 (deploy)              K=3 (train)
  mean_violation   = 0.000193  ->  0.000007              0.000001
  illegal_pairs    = 0.98%      ->  0.24%                 0.07%
  viol_per_cloud   = 13.47       ->  3.38                  0.91
  viol_reduction   =                74.9%                    93.3%
  mean_nn_dist     = 0.109622  ->  0.118359              0.118751
  displacement     =                0.0061 (0.057x rd)   0.0063 (0.059x rd)
  correction_eff   =                0.0307 (79.8% ceil)         0.0304 (78.9% ceil)
2026-05-28 19:28:17 +00:55:16 -00:28:20 [INFO] iter=  6500  0.486s/iter  lr=2.74e-04  loss=0.000148
                                  K=1 (deploy)              K=3 (train)
  mean_violation   = 0.000193  ->  0.000007              0.000001
  illegal_pairs    = 0.98%      ->  0.28%                 0.07%
  viol_per_cloud   = 13.47       ->  3.88                  0.94
  viol_reduction   =                71.2%                    93.0%
  mean_nn_dist     = 0.109622  ->  0.118270              0.118657
  displacement     =                0.0060 (0.056x rd)   0.0063 (0.058x rd)
  correction_eff   =                0.0311 (80.9% ceil)         0.0307 (79.8% ceil)
2026-05-28 19:29:06 +00:56:06 -00:28:07 [INFO] iter=  6600  0.496s/iter  lr=2.60e-04  loss=0.000145
                                  K=1 (deploy)              K=3 (train)
  mean_violation   = 0.000193  ->  0.000007              0.000001
  illegal_pairs    = 0.98%      ->  0.27%                 0.05%
  viol_per_cloud   = 13.47       ->  3.66                  0.75
  viol_reduction   =                72.9%                    94.4%
  mean_nn_dist     = 0.109622  ->  0.118305              0.118694
  displacement     =                0.0061 (0.056x rd)   0.0063 (0.059x rd)
  correction_eff   =                0.0307 (79.9% ceil)         0.0303 (78.8% ceil)
2026-05-28 19:29:55 +00:56:54 -00:26:30 [INFO] iter=  6700  0.482s/iter  lr=2.46e-04  loss=0.000141
                                  K=1 (deploy)              K=3 (train)
  mean_violation   = 0.000193  ->  0.000006              0.000000
  illegal_pairs    = 0.98%      ->  0.27%                 0.06%
  viol_per_cloud   = 13.47       ->  3.69                  0.78
  viol_reduction   =                72.6%                    94.2%
  mean_nn_dist     = 0.109622  ->  0.118306              0.118672
  displacement     =                0.0060 (0.056x rd)   0.0062 (0.058x rd)
  correction_eff   =                0.0311 (80.9% ceil)         0.0309 (80.4% ceil)
2026-05-28 19:30:43 +00:57:42 -00:25:31 [INFO] iter=  6800  0.478s/iter  lr=2.33e-04  loss=0.000136
                                  K=1 (deploy)              K=3 (train)
  mean_violation   = 0.000193  ->  0.000006              0.000000
  illegal_pairs    = 0.98%      ->  0.30%                 0.06%
  viol_per_cloud   = 13.47       ->  4.09                  0.84
  viol_reduction   =                69.6%                    93.7%
  mean_nn_dist     = 0.109622  ->  0.118254              0.118631
  displacement     =                0.0060 (0.056x rd)   0.0062 (0.058x rd)
  correction_eff   =                0.0312 (81.2% ceil)         0.0309 (80.5% ceil)
2026-05-28 19:31:31 +00:58:30 -00:24:58 [INFO] iter=  6900  0.483s/iter  lr=2.20e-04  loss=0.000136
                                  K=1 (deploy)              K=3 (train)
  mean_violation   = 0.000193  ->  0.000006              0.000000
  illegal_pairs    = 0.98%      ->  0.27%                 0.05%
  viol_per_cloud   = 13.47       ->  3.78                  0.66
  viol_reduction   =                71.9%                    95.1%
  mean_nn_dist     = 0.109622  ->  0.118303              0.118658
  displacement     =                0.0060 (0.056x rd)   0.0063 (0.058x rd)
  correction_eff   =                0.0310 (80.6% ceil)         0.0308 (80.0% ceil)
2026-05-28 19:32:19 +00:59:18 -00:24:04 [INFO] iter=  7000  0.482s/iter  lr=2.07e-04  loss=0.000130
                                  K=1 (deploy)              K=3 (train)
  mean_violation   = 0.000193  ->  0.000006              0.000001
  illegal_pairs    = 0.98%      ->  0.29%                 0.08%
  viol_per_cloud   = 13.47       ->  3.97                  1.16
  viol_reduction   =                70.5%                    91.4%
  mean_nn_dist     = 0.109622  ->  0.118266              0.118616
  displacement     =                0.0060 (0.056x rd)   0.0062 (0.058x rd)
  correction_eff   =                0.0313 (81.3% ceil)         0.0311 (80.9% ceil)
2026-05-28 19:33:09 +01:00:09 -00:24:18 [INFO] iter=  7100  0.503s/iter  lr=1.94e-04  loss=0.000137
                                  K=1 (deploy)              K=3 (train)
  mean_violation   = 0.000193  ->  0.000006              0.000000
  illegal_pairs    = 0.98%      ->  0.29%                 0.06%
  viol_per_cloud   = 13.47       ->  3.97                  0.84
  viol_reduction   =                70.5%                    93.7%
  mean_nn_dist     = 0.109622  ->  0.118290              0.118647
  displacement     =                0.0060 (0.056x rd)   0.0063 (0.058x rd)
  correction_eff   =                0.0310 (80.7% ceil)         0.0308 (80.0% ceil)
2026-05-28 19:33:58 +01:00:57 -00:22:42 [INFO] iter=  7200  0.487s/iter  lr=1.82e-04  loss=0.000133
                                  K=1 (deploy)              K=3 (train)
  mean_violation   = 0.000193  ->  0.000006              0.000001
  illegal_pairs    = 0.98%      ->  0.29%                 0.07%
  viol_per_cloud   = 13.47       ->  4.06                  0.94
  viol_reduction   =                69.8%                    93.0%
  mean_nn_dist     = 0.109622  ->  0.118293              0.118650
  displacement     =                0.0061 (0.056x rd)   0.0063 (0.059x rd)
  correction_eff   =                0.0309 (80.3% ceil)         0.0305 (79.4% ceil)
2026-05-28 19:34:46 +01:01:45 -00:21:38 [INFO] iter=  7300  0.481s/iter  lr=1.70e-04  loss=0.000135
                                  K=1 (deploy)              K=3 (train)
  mean_violation   = 0.000193  ->  0.000006              0.000000
  illegal_pairs    = 0.98%      ->  0.28%                 0.07%
  viol_per_cloud   = 13.47       ->  3.84                  0.97
  viol_reduction   =                71.5%                    92.8%
  mean_nn_dist     = 0.109622  ->  0.118289              0.118630
  displacement     =                0.0060 (0.056x rd)   0.0062 (0.058x rd)
  correction_eff   =                0.0311 (80.8% ceil)         0.0310 (80.6% ceil)
2026-05-28 19:35:34 +01:02:33 -00:20:42 [INFO] iter=  7400  0.478s/iter  lr=1.59e-04  loss=0.000131
                                  K=1 (deploy)              K=3 (train)
  mean_violation   = 0.000193  ->  0.000006              0.000001
  illegal_pairs    = 0.98%      ->  0.31%                 0.07%
  viol_per_cloud   = 13.47       ->  4.31                  0.94
  viol_reduction   =                68.0%                    93.0%
  mean_nn_dist     = 0.109622  ->  0.118244              0.118586
  displacement     =                0.0060 (0.056x rd)   0.0062 (0.058x rd)
  correction_eff   =                0.0312 (81.1% ceil)         0.0311 (80.8% ceil)
2026-05-28 19:36:22 +01:03:22 -00:20:07 [INFO] iter=  7500  0.483s/iter  lr=1.47e-04  loss=0.000130
                                  K=1 (deploy)              K=3 (train)
  mean_violation   = 0.000193  ->  0.000006              0.000000
  illegal_pairs    = 0.98%      ->  0.27%                 0.05%
  viol_per_cloud   = 13.47       ->  3.72                  0.72
  viol_reduction   =                72.4%                    94.7%
  mean_nn_dist     = 0.109622  ->  0.118299              0.118622
  displacement     =                0.0061 (0.056x rd)   0.0063 (0.058x rd)
  correction_eff   =                0.0309 (80.4% ceil)         0.0308 (80.0% ceil)
2026-05-28 19:37:11 +01:04:11 -00:19:40 [INFO] iter=  7600  0.492s/iter  lr=1.36e-04  loss=0.000131
                                  K=1 (deploy)              K=3 (train)
  mean_violation   = 0.000193  ->  0.000006              0.000000
  illegal_pairs    = 0.98%      ->  0.26%                 0.06%
  viol_per_cloud   = 13.47       ->  3.59                  0.88
  viol_reduction   =                73.3%                    93.5%
  mean_nn_dist     = 0.109622  ->  0.118321              0.118637
  displacement     =                0.0061 (0.057x rd)   0.0063 (0.059x rd)
  correction_eff   =                0.0308 (80.1% ceil)         0.0306 (79.4% ceil)
2026-05-28 19:38:00 +01:04:59 -00:18:39 [INFO] iter=  7700  0.487s/iter  lr=1.26e-04  loss=0.000130
                                  K=1 (deploy)              K=3 (train)
  mean_violation   = 0.000193  ->  0.000005              0.000000
  illegal_pairs    = 0.98%      ->  0.24%                 0.06%
  viol_per_cloud   = 13.47       ->  3.28                  0.84
  viol_reduction   =                75.6%                    93.7%
  mean_nn_dist     = 0.109622  ->  0.118327              0.118637
  displacement     =                0.0061 (0.056x rd)   0.0063 (0.058x rd)
  correction_eff   =                0.0309 (80.3% ceil)         0.0308 (80.1% ceil)
2026-05-28 19:38:49 +01:05:48 -00:17:53 [INFO] iter=  7800  0.488s/iter  lr=1.16e-04  loss=0.000129
                                  K=1 (deploy)              K=3 (train)
  mean_violation   = 0.000193  ->  0.000006              0.000001
  illegal_pairs    = 0.98%      ->  0.27%                 0.06%
  viol_per_cloud   = 13.47       ->  3.78                  0.81
  viol_reduction   =                71.9%                    94.0%
  mean_nn_dist     = 0.109622  ->  0.118268              0.118597
  displacement     =                0.0060 (0.056x rd)   0.0062 (0.058x rd)
  correction_eff   =                0.0310 (80.6% ceil)         0.0308 (80.2% ceil)
2026-05-28 19:39:37 +01:06:36 -00:16:44 [INFO] iter=  7900  0.478s/iter  lr=1.06e-04  loss=0.000129
                                  K=1 (deploy)              K=3 (train)
  mean_violation   = 0.000193  ->  0.000006              0.000000
  illegal_pairs    = 0.98%      ->  0.27%                 0.06%
  viol_per_cloud   = 13.47       ->  3.69                  0.78
  viol_reduction   =                72.6%                    94.2%
  mean_nn_dist     = 0.109622  ->  0.118310              0.118627
  displacement     =                0.0061 (0.057x rd)   0.0063 (0.058x rd)
  correction_eff   =                0.0308 (80.1% ceil)         0.0307 (79.8% ceil)
2026-05-28 19:40:25 +01:07:24 -00:15:56 [INFO] iter=  8000  0.478s/iter  lr=9.64e-05  loss=0.000127
                                  K=1 (deploy)              K=3 (train)
  mean_violation   = 0.000193  ->  0.000005              0.000001
  illegal_pairs    = 0.98%      ->  0.27%                 0.07%
  viol_per_cloud   = 13.47       ->  3.66                  0.91
  viol_reduction   =                72.9%                    93.3%
  mean_nn_dist     = 0.109622  ->  0.118286              0.118592
  displacement     =                0.0061 (0.056x rd)   0.0063 (0.058x rd)
  correction_eff   =                0.0309 (80.4% ceil)         0.0307 (79.9% ceil)
2026-05-28 19:41:13 +01:08:13 -00:15:28 [INFO] iter=  8100  0.489s/iter  lr=8.74e-05  loss=0.000127
                                  K=1 (deploy)              K=3 (train)
  mean_violation   = 0.000193  ->  0.000006              0.000001
  illegal_pairs    = 0.98%      ->  0.29%                 0.07%
  viol_per_cloud   = 13.47       ->  4.03                  0.91
  viol_reduction   =                70.1%                    93.3%
  mean_nn_dist     = 0.109622  ->  0.118283              0.118587
  displacement     =                0.0060 (0.056x rd)   0.0062 (0.058x rd)
  correction_eff   =                0.0310 (80.6% ceil)         0.0308 (80.2% ceil)
2026-05-28 19:42:03 +01:09:02 -00:14:51 [INFO] iter=  8200  0.495s/iter  lr=7.88e-05  loss=0.000127
                                  K=1 (deploy)              K=3 (train)
  mean_violation   = 0.000193  ->  0.000005              0.000001
  illegal_pairs    = 0.98%      ->  0.25%                 0.06%
  viol_per_cloud   = 13.47       ->  3.47                  0.88
  viol_reduction   =                74.2%                    93.5%
  mean_nn_dist     = 0.109622  ->  0.118309              0.118610
  displacement     =                0.0061 (0.056x rd)   0.0062 (0.058x rd)
  correction_eff   =                0.0309 (80.3% ceil)         0.0308 (80.1% ceil)
2026-05-28 19:42:51 +01:09:51 -00:13:45 [INFO] iter=  8300  0.486s/iter  lr=7.06e-05  loss=0.000127
                                  K=1 (deploy)              K=3 (train)
  mean_violation   = 0.000193  ->  0.000005              0.000001
  illegal_pairs    = 0.98%      ->  0.22%                 0.06%
  viol_per_cloud   = 13.47       ->  3.09                  0.81
  viol_reduction   =                77.0%                    94.0%
  mean_nn_dist     = 0.109622  ->  0.118323              0.118610
  displacement     =                0.0061 (0.057x rd)   0.0063 (0.058x rd)
  correction_eff   =                0.0308 (80.0% ceil)         0.0306 (79.7% ceil)
2026-05-28 19:43:40 +01:10:39 -00:12:52 [INFO] iter=  8400  0.483s/iter  lr=6.28e-05  loss=0.000127
                                  K=1 (deploy)              K=3 (train)
  mean_violation   = 0.000193  ->  0.000005              0.000001
  illegal_pairs    = 0.98%      ->  0.26%                 0.07%
  viol_per_cloud   = 13.47       ->  3.53                  0.97
  viol_reduction   =                73.8%                    92.8%
  mean_nn_dist     = 0.109622  ->  0.118294              0.118580
  displacement     =                0.0061 (0.056x rd)   0.0062 (0.058x rd)
  correction_eff   =                0.0309 (80.4% ceil)         0.0308 (80.2% ceil)
2026-05-28 19:44:28 +01:11:27 -00:12:03 [INFO] iter=  8500  0.482s/iter  lr=5.54e-05  loss=0.000127
                                  K=1 (deploy)              K=3 (train)
  mean_violation   = 0.000193  ->  0.000005              0.000001
  illegal_pairs    = 0.98%      ->  0.22%                 0.06%
  viol_per_cloud   = 13.47       ->  3.09                  0.81
  viol_reduction   =                77.0%                    94.0%
  mean_nn_dist     = 0.109622  ->  0.118312              0.118598
  displacement     =                0.0061 (0.056x rd)   0.0062 (0.058x rd)
  correction_eff   =                0.0309 (80.3% ceil)         0.0308 (80.2% ceil)
2026-05-28 19:45:16 +01:12:15 -00:11:13 [INFO] iter=  8600  0.481s/iter  lr=4.85e-05  loss=0.000126
                                  K=1 (deploy)              K=3 (train)
  mean_violation   = 0.000193  ->  0.000005              0.000001
  illegal_pairs    = 0.98%      ->  0.25%                 0.07%
  viol_per_cloud   = 13.47       ->  3.44                  0.94
  viol_reduction   =                74.5%                    93.0%
  mean_nn_dist     = 0.109622  ->  0.118303              0.118596
  displacement     =                0.0061 (0.056x rd)   0.0062 (0.058x rd)
  correction_eff   =                0.0309 (80.4% ceil)         0.0308 (80.1% ceil)
2026-05-28 19:46:04 +01:13:04 -00:10:27 [INFO] iter=  8700  0.483s/iter  lr=4.21e-05  loss=0.000126
                                  K=1 (deploy)              K=3 (train)
  mean_violation   = 0.000193  ->  0.000005              0.000001
  illegal_pairs    = 0.98%      ->  0.26%                 0.07%
  viol_per_cloud   = 13.47       ->  3.62                  0.94
  viol_reduction   =                73.1%                    93.0%
  mean_nn_dist     = 0.109622  ->  0.118297              0.118584
  displacement     =                0.0061 (0.056x rd)   0.0062 (0.058x rd)
  correction_eff   =                0.0310 (80.5% ceil)         0.0309 (80.3% ceil)
2026-05-28 19:46:53 +01:13:53 -00:09:44 [INFO] iter=  8800  0.487s/iter  lr=3.61e-05  loss=0.000127
                                  K=1 (deploy)              K=3 (train)
  mean_violation   = 0.000193  ->  0.000005              0.000001
  illegal_pairs    = 0.98%      ->  0.26%                 0.07%
  viol_per_cloud   = 13.47       ->  3.56                  0.97
  viol_reduction   =                73.5%                    92.8%
  mean_nn_dist     = 0.109622  ->  0.118295              0.118585
  displacement     =                0.0061 (0.056x rd)   0.0062 (0.058x rd)
  correction_eff   =                0.0310 (80.6% ceil)         0.0309 (80.4% ceil)
2026-05-28 19:47:41 +01:14:40 -00:08:41 [INFO] iter=  8900  0.474s/iter  lr=3.05e-05  loss=0.000126
                                  K=1 (deploy)              K=3 (train)
  mean_violation   = 0.000193  ->  0.000005              0.000001
  illegal_pairs    = 0.98%      ->  0.25%                 0.07%
  viol_per_cloud   = 13.47       ->  3.44                  0.94
  viol_reduction   =                74.5%                    93.0%
  mean_nn_dist     = 0.109622  ->  0.118297              0.118587
  displacement     =                0.0061 (0.056x rd)   0.0062 (0.058x rd)
  correction_eff   =                0.0310 (80.5% ceil)         0.0309 (80.3% ceil)
2026-05-28 19:48:28 +01:15:28 -00:07:59 [INFO] iter=  9000  0.479s/iter  lr=2.54e-05  loss=0.000126
                                  K=1 (deploy)              K=3 (train)
  mean_violation   = 0.000193  ->  0.000005              0.000001
  illegal_pairs    = 0.98%      ->  0.24%                 0.07%
  viol_per_cloud   = 13.47       ->  3.25                  1.00
  viol_reduction   =                75.9%                    92.6%
  mean_nn_dist     = 0.109622  ->  0.118304              0.118581
  displacement     =                0.0061 (0.056x rd)   0.0062 (0.058x rd)
  correction_eff   =                0.0310 (80.5% ceil)         0.0310 (80.5% ceil)
2026-05-28 19:49:18 +01:16:17 -00:07:24 [INFO] iter=  9100  0.494s/iter  lr=2.08e-05  loss=0.000128
                                  K=1 (deploy)              K=3 (train)
  mean_violation   = 0.000193  ->  0.000005              0.000001
  illegal_pairs    = 0.98%      ->  0.27%                 0.08%
  viol_per_cloud   = 13.47       ->  3.66                  1.12
  viol_reduction   =                72.9%                    91.6%
  mean_nn_dist     = 0.109622  ->  0.118298              0.118583
  displacement     =                0.0061 (0.056x rd)   0.0062 (0.058x rd)
  correction_eff   =                0.0310 (80.6% ceil)         0.0310 (80.5% ceil)
2026-05-28 19:50:05 +01:17:05 -00:06:19 [INFO] iter=  9200  0.475s/iter  lr=1.67e-05  loss=0.000126
                                  K=1 (deploy)              K=3 (train)
  mean_violation   = 0.000193  ->  0.000005              0.000001
  illegal_pairs    = 0.98%      ->  0.26%                 0.07%
  viol_per_cloud   = 13.47       ->  3.62                  0.91
  viol_reduction   =                73.1%                    93.3%
  mean_nn_dist     = 0.109622  ->  0.118297              0.118592
  displacement     =                0.0061 (0.056x rd)   0.0062 (0.058x rd)
  correction_eff   =                0.0310 (80.6% ceil)         0.0310 (80.6% ceil)
2026-05-28 19:50:53 +01:17:52 -00:05:32 [INFO] iter=  9300  0.474s/iter  lr=1.30e-05  loss=0.000126
                                  K=1 (deploy)              K=3 (train)
  mean_violation   = 0.000193  ->  0.000005              0.000001
  illegal_pairs    = 0.98%      ->  0.27%                 0.07%
  viol_per_cloud   = 13.47       ->  3.75                  1.03
  viol_reduction   =                72.2%                    92.3%
  mean_nn_dist     = 0.109622  ->  0.118294              0.118581
  displacement     =                0.0061 (0.056x rd)   0.0062 (0.058x rd)
  correction_eff   =                0.0310 (80.6% ceil)         0.0310 (80.5% ceil)
2026-05-28 19:51:40 +01:18:40 -00:04:45 [INFO] iter=  9400  0.475s/iter  lr=9.85e-06  loss=0.000125
                                  K=1 (deploy)              K=3 (train)
  mean_violation   = 0.000193  ->  0.000005              0.000000
  illegal_pairs    = 0.98%      ->  0.26%                 0.07%
  viol_per_cloud   = 13.47       ->  3.59                  0.97
  viol_reduction   =                73.3%                    92.8%
  mean_nn_dist     = 0.109622  ->  0.118295              0.118590
  displacement     =                0.0061 (0.056x rd)   0.0062 (0.058x rd)
  correction_eff   =                0.0310 (80.6% ceil)         0.0310 (80.6% ceil)
2026-05-28 19:52:29 +01:19:28 -00:04:01 [INFO] iter=  9500  0.482s/iter  lr=7.15e-06  loss=0.000126
                                  K=1 (deploy)              K=3 (train)
  mean_violation   = 0.000193  ->  0.000005              0.000001
  illegal_pairs    = 0.98%      ->  0.29%                 0.07%
  viol_per_cloud   = 13.47       ->  3.94                  0.97
  viol_reduction   =                70.8%                    92.8%
  mean_nn_dist     = 0.109622  ->  0.118291              0.118582
  displacement     =                0.0060 (0.056x rd)   0.0062 (0.058x rd)
  correction_eff   =                0.0310 (80.7% ceil)         0.0310 (80.6% ceil)
2026-05-28 19:53:17 +01:20:17 -00:03:14 [INFO] iter=  9600  0.487s/iter  lr=4.94e-06  loss=0.000128
                                  K=1 (deploy)              K=3 (train)
  mean_violation   = 0.000193  ->  0.000005              0.000001
  illegal_pairs    = 0.98%      ->  0.25%                 0.07%
  viol_per_cloud   = 13.47       ->  3.47                  1.00
  viol_reduction   =                74.2%                    92.6%
  mean_nn_dist     = 0.109622  ->  0.118295              0.118572
  displacement     =                0.0060 (0.056x rd)   0.0062 (0.058x rd)
  correction_eff   =                0.0310 (80.6% ceil)         0.0310 (80.6% ceil)
2026-05-28 19:54:06 +01:21:05 -00:02:25 [INFO] iter=  9700  0.483s/iter  lr=3.22e-06  loss=0.000128
                                  K=1 (deploy)              K=3 (train)
  mean_violation   = 0.000193  ->  0.000005              0.000001
  illegal_pairs    = 0.98%      ->  0.27%                 0.08%
  viol_per_cloud   = 13.47       ->  3.72                  1.06
  viol_reduction   =                72.4%                    92.1%
  mean_nn_dist     = 0.109622  ->  0.118293              0.118581
  displacement     =                0.0060 (0.056x rd)   0.0062 (0.058x rd)
  correction_eff   =                0.0310 (80.7% ceil)         0.0310 (80.6% ceil)
2026-05-28 19:54:53 +01:21:52 -00:01:33 [INFO] iter=  9800  0.470s/iter  lr=1.99e-06  loss=0.000129
                                  K=1 (deploy)              K=3 (train)
  mean_violation   = 0.000193  ->  0.000005              0.000001
  illegal_pairs    = 0.98%      ->  0.27%                 0.07%
  viol_per_cloud   = 13.47       ->  3.75                  1.03
  viol_reduction   =                72.2%                    92.3%
  mean_nn_dist     = 0.109622  ->  0.118293              0.118584
  displacement     =                0.0060 (0.056x rd)   0.0062 (0.058x rd)
  correction_eff   =                0.0310 (80.7% ceil)         0.0310 (80.6% ceil)
2026-05-28 19:55:40 +01:22:39 -00:00:47 [INFO] iter=  9900  0.476s/iter  lr=1.25e-06  loss=0.000126
                                  K=1 (deploy)              K=3 (train)
  mean_violation   = 0.000193  ->  0.000005              0.000001
  illegal_pairs    = 0.98%      ->  0.27%                 0.08%
  viol_per_cloud   = 13.47       ->  3.69                  1.06
  viol_reduction   =                72.6%                    92.1%
  mean_nn_dist     = 0.109622  ->  0.118293              0.118578
  displacement     =                0.0060 (0.056x rd)   0.0062 (0.058x rd)
  correction_eff   =                0.0310 (80.7% ceil)         0.0310 (80.6% ceil)
2026-05-28 19:56:28 +01:23:28 -00:00:00 [INFO] iter= 10000  0.482s/iter  lr=1.00e-06  loss=0.000126
                                  K=1 (deploy)              K=3 (train)
  mean_violation   = 0.000193  ->  0.000005              0.000001
  illegal_pairs    = 0.98%      ->  0.29%                 0.08%
  viol_per_cloud   = 13.47       ->  3.97                  1.09
  viol_reduction   =                70.5%                    91.9%
  mean_nn_dist     = 0.109622  ->  0.118293              0.118585
  displacement     =                0.0060 (0.056x rd)   0.0062 (0.058x rd)
  correction_eff   =                0.0310 (80.7% ceil)         0.0310 (80.6% ceil)
2026-05-28 19:56:29 +01:23:29 -00:00:00 [INFO] Training complete. Model saved to training_artifacts\train_run_2026-05-28_18-33-00\model_final.pt
2026-05-28 19:56:30 +01:23:30 -00:00:00 [INFO] Evolution GIF saved to training_artifacts\train_run_2026-05-28_18-33-00\evolution.gif
